0,2007,1,69
1,2007,1,54
2,2007,1,35
3,2007,1,46
4,2007,1,64
5,2007,2,39
6,2007,2,48
7,2007,2,42
8,2007,2,61
9,2007,3,50
10,2007,3,64
11,2007,3,48
12,2007,3,48
13,2007,4,57
14,2007,4,57
15,2007,4,59
16,2007,4,72
17,2007,4,57
18,2007,4,82
19,2007,4,82
20,2007,4,75
21,2007,4,80
22,2007,5,90
23,2007,5,71
24,2007,5,66
25,2007,5,70
26,2007,5,69
27,2007,5,84
28,2007,5,70
29,2007,5,86
30,2007,6,70
31,2007,6,91
32,2007,6,89
33,2007,6,93
34,2007,6,93
35,2007,7,86
36,2007,7,86
37,2007,7,89
38,2007,7,90
39,2007,7,91
40,2007,7,84
41,2007,7,89
42,2007,8,104
43,2007,8,102
44,2007,8,98
45,2007,8,93
46,2007,9,91
47,2007,9,96
48,2007,9,95
49,2007,9,82
50,2007,9,91
51,2007,9,86
52,2007,9,89
53,2007,10,93
54,2007,10,84
55,2007,10,73
56,2007,11,66
57,2007,11,55
58,2007,11,61
59,2007,11,51
60,2007,11,61
61,2007,11,78
62,2007,11,48
63,2007,11,63
64,2007,12,54
65,2007,12,45
66,2007,12,75
67,2007,12,44
68,2007,12,66
69,2007,12,57
70,2008,1,35
71,2008,1,73
72,2008,1,68
73,2008,1,39
74,2008,1,64
75,2008,2,60
76,2008,2,77
77,2008,2,66
78,2008,2,46
79,2008,2,62
80,2008,2,73
81,2008,2,55
82,2008,2,61
83,2008,2,43
84,2008,3,64
85,2008,3,68
86,2008,3,57
87,2008,4,66
88,2008,4,78
89,2008,4,82
90,2008,4,71
91,2008,4,80
92,2008,4,87
93,2008,5,73
94,2008,5,73
95,2008,5,82
96,2008,5,78
97,2008,5,79
98,2008,6,91
99,2008,6,96
100,2008,6,100
101,2008,6,96
102,2008,6,88
103,2008,6,87
104,2008,6,96
105,2008,6,95
106,2008,7,87
107,2008,7,90
108,2008,7,91
109,2008,7,89
110,2008,7,90
111,2008,7,91
112,2008,7,93
113,2008,8,73
114,2008,8,84
115,2008,8,88
116,2008,8,89
117,2008,9,90
118,2008,9,91
119,2008,9,86
120,2008,9,73
121,2008,9,70
122,2008,9,81
123,2008,10,73
124,2008,10,71
125,2008,10,84
126,2008,10,84
127,2008,10,66
128,2008,10,70
129,2008,11,68
130,2008,11,80
131,2008,11,61
132,2008,11,75
133,2008,11,46
134,2008,11,55
135,2008,12,70
136,2008,12,57
137,2008,12,71
138,2008,12,44
139,2009,1,57
140,2009,1,36
141,2009,1,35
142,2009,1,46
143,2009,2,55
144,2009,2,66
145,2009,2,54
146,2009,2,46
147,2009,2,57
148,2009,3,37
149,2009,3,50
150,2009,3,44
151,2009,3,62
152,2009,3,48
153,2009,3,68
154,2009,4,82
155,2009,4,51
156,2009,4,73
157,2009,4,73
158,2009,4,79
159,2009,5,68
160,2009,5,75
161,2009,5,82
162,2009,5,84
163,2009,5,82
164,2009,6,96
165,2009,6,93
166,2009,6,95
167,2009,7,82
168,2009,7,87
169,2009,7,84
170,2009,7,93
171,2009,7,91
172,2009,7,95
173,2009,8,82
174,2009,8,96
175,2009,8,88
176,2009,8,99
177,2009,8,84
178,2009,8,87
179,2009,8,93
180,2009,9,87
181,2009,9,79
182,2009,9,80
183,2009,9,82
184,2009,9,87
185,2009,9,77
186,2009,9,81
187,2009,9,68
188,2009,10,82
189,2009,10,79
190,2009,10,61
191,2009,10,57
192,2009,10,68
193,2009,11,71
194,2009,11,63
195,2009,11,73
196,2009,11,63
197,2009,11,62
198,2009,11,73
199,2009,11,57
200,2009,11,54
201,2009,12,55
202,2009,12,46
203,2009,12,36
204,2009,12,48
205,2009,12,45
206,2009,12,48
207,2009,12,53
208,2010,1,48
209,2010,1,42
210,2010,1,37
211,2010,1,57
212,2010,2,41
213,2010,2,59
214,2010,3,42
215,2010,3,73
216,2010,4,88
217,2010,5,93
218,2010,5,82
219,2010,5,87
220,2010,6,93
221,2010,6,93
222,2010,7,100
223,2010,8,96
224,2010,9,91
225,2010,9,88
226,2010,9,93
227,2010,9,93
228,2010,9,96
229,2010,9,77
230,2010,10,69
231,2010,10,82
232,2010,10,78
233,2010,10,64
234,2010,11,63
235,2010,11,55
236,2010,11,66
237,2010,12,42
238,2010,12,52
239,2010,12,35
240,2010,12,46
241,2010,12,61
242,2011,1,46
243,2011,1,35
244,2011,1,46
245,2011,1,46
246,2011,1,32
247,2011,1,43
248,2011,1,48
249,2011,1,55
250,2011,2,53
251,2011,2,48
252,2011,2,54
253,2011,2,51
254,2011,2,61
255,2011,2,63
256,2011,2,78
257,2011,2,53
258,2011,3,53
259,2011,3,64
260,2011,3,75
261,2011,3,75
262,2011,3,82
263,2011,3,48
264,2011,4,55
265,2011,4,64
266,2011,4,79
267,2011,4,82
268,2011,4,72
269,2011,4,73
270,2011,4,72
271,2011,4,84
272,2011,4,73
273,2011,4,78
274,2011,4,87
275,2011,4,82
276,2011,4,87
277,2011,5,79
278,2011,5,72
279,2011,5,82
280,2011,5,89
281,2011,5,91
282,2011,6,95
283,2011,6,84
284,2011,6,90
285,2011,6,90
286,2011,6,96
287,2011,6,93
288,2011,6,91
289,2011,6,91
290,2011,6,96
291,2011,6,89
292,2011,6,93
293,2011,6,93
294,2011,7,93
295,2011,7,89
296,2011,7,87
297,2011,7,89
298,2011,7,88
299,2011,7,97
300,2011,7,99
301,2011,7,84
302,2011,8,93
303,2011,8,95
304,2011,8,96
305,2011,8,88
306,2011,8,84
307,2011,9,86
308,2011,9,87
309,2011,9,82
310,2011,9,78
311,2011,9,84
312,2011,9,84
313,2011,10,75
314,2011,10,82
315,2011,10,68
316,2011,10,69
317,2011,10,72
318,2011,11,66
319,2011,11,55
320,2011,11,53
321,2011,11,78
322,2011,11,77
323,2011,11,73
324,2011,11,53
325,2011,12,71
326,2011,12,53
327,2011,12,68
328,2011,12,64
329,2011,12,55
330,2011,12,64
331,2012,1,68
332,2012,1,66
333,2012,1,60
334,2012,1,59
335,2012,1,64
336,2012,1,57
337,2012,1,57
338,2012,1,64
339,2012,1,62
340,2012,1,53
341,2012,1,68
342,2012,2,70
343,2012,2,57
344,2012,2,51
345,2012,2,60
346,2012,2,78
347,2012,3,78
348,2012,4,84
349,2012,4,75
350,2012,4,86
351,2012,4,62
352,2012,4,77
353,2012,5,75
354,2012,6,82
355,2017,12,51
356,2018,1,32
357,2018,1,61
358,2018,1,34
359,2018,1,55
360,2018,1,62
361,2018,1,66
362,2018,1,52
363,2018,2,62
364,2018,2,64
365,2018,2,44
366,2018,2,81
367,2018,2,72
368,2018,2,57
369,2018,3,54
370,2018,3,46
371,2018,3,48
372,2018,3,37
373,2018,3,64
374,2018,3,60
375,2018,3,55
376,2018,3,75
377,2018,4,75
378,2018,4,52
379,2018,4,75
380,2018,5,84
381,2018,5,84
382,2018,5,84
383,2018,5,93
384,2018,5,88
385,2018,6,87
386,2018,6,91
387,2018,6,93
388,2018,6,88
389,2018,7,91
390,2018,8,93
391,2018,8,89
392,2018,8,88
393,2018,8,87
394,2018,8,88
395,2018,10,71
396,2018,10,57
397,2018,10,61
398,2018,10,52
399,2018,10,64
400,2018,11,62
401,2018,11,43
402,2018,11,64
403,2018,11,57
404,2018,11,45
405,2018,11,45
406,2018,11,48
407,2018,12,71
408,2018,12,37
409,2018,12,51
410,2018,12,68
411,2018,12,64
412,2018,12,59
413,2019,1,64
414,2019,1,46
415,2019,2,60
416,2019,2,79
417,2019,2,66
418,2019,2,57
419,2019,2,45
420,2019,3,48
421,2019,3,64
422,2019,3,53
423,2019,3,63
424,2019,3,62
425,2019,3,64
426,2019,4,53
427,2015,10,66
428,2015,11,64
429,2015,12,64
430,2015,12,66
431,2015,12,59
432,2015,12,73
433,2015,12,73
434,2016,1,53
435,2016,1,63
436,2016,1,43
437,2016,1,35
438,2016,1,46
439,2016,1,61
440,2016,1,55
441,2016,2,72
442,2016,2,44
443,2016,2,41
444,2016,2,34
445,2016,2,60
446,2016,2,71
447,2016,2,46
448,2016,2,66
449,2016,3,57
450,2016,3,69
451,2016,4,77
452,2016,5,75
453,2016,5,89
454,2016,6,82
455,2016,7,93
456,2016,8,93
457,2016,8,89
458,2016,8,93
459,2016,8,90
460,2016,8,91
461,2016,9,91
462,2016,9,90
463,2016,9,90
464,2016,9,86
465,2016,9,79
466,2016,10,84
467,2016,10,68
468,2016,10,73
469,2016,10,84
470,2016,10,86
471,2016,10,70
472,2016,10,66
473,2016,10,68
474,2016,11,69
475,2016,11,64
476,2016,11,71
477,2016,11,66
478,2016,11,55
479,2016,11,77
480,2016,11,53
481,2016,11,54
482,2016,11,62
483,2016,11,72
484,2016,12,48
485,2016,12,60
486,2016,12,60
487,2016,12,68
488,2016,12,50
489,2017,1,43
490,2017,1,27
491,2017,1,48
492,2017,1,73
493,2017,1,60
494,2017,1,52
495,2017,1,46
496,2017,2,70
497,2017,2,60
498,2017,2,55
499,2017,2,73
500,2017,2,73
501,2017,2,80
502,2017,2,81
503,2017,2,66
504,2017,2,77
505,2017,3,69
506,2017,3,75
507,2017,4,59
508,2017,4,82
509,2017,4,82
510,2017,4,87
511,2017,4,55
512,2017,4,60
513,2017,5,80
514,2017,5,81
515,2017,5,80
516,2017,5,73
517,2017,5,88
518,2017,6,86
519,2017,6,91
520,2017,6,82
521,2017,6,84
522,2017,6,82
523,2017,6,87
524,2017,7,91
525,2017,7,93
526,2017,7,91
527,2017,7,88
528,2017,7,95
529,2017,7,97
530,2017,7,99
531,2017,7,102
532,2017,8,89
533,2017,8,91
534,2017,8,93
535,2017,8,71
536,2017,9,82
537,2017,9,75
538,2017,9,75
539,2017,9,66
540,2017,9,88
541,2017,10,78
542,2017,10,75
543,2017,10,79
544,2017,10,79
545,2017,10,66
546,2017,10,63
547,2017,10,73
548,2017,10,59
549,2017,11,48
550,2017,11,62
551,2017,12,53
552,2010,1,66
553,2010,2,52
554,2010,3,52
555,2010,3,78
556,2010,4,82
557,2010,4,90
558,2010,4,57
559,2010,5,91
560,2010,5,68
561,2010,5,79
562,2010,5,82
563,2010,6,84
564,2010,6,88
565,2010,6,93
566,2010,6,100
567,2010,7,98
568,2010,7,97
569,2010,7,93
570,2010,7,89
571,2010,7,78
572,2010,8,91
573,2010,8,88
574,2010,8,90
575,2010,8,89
576,2010,8,90
577,2010,8,97
578,2010,9,88
579,2010,9,87
580,2010,9,96
581,2010,9,99
582,2010,9,96
583,2010,10,88
584,2010,10,64
585,2010,10,68
586,2010,11,66
587,2010,11,70
588,2010,11,64
589,2010,11,63
590,2012,2,64
591,2012,2,63
592,2012,2,64
593,2012,2,66
594,2012,3,54
595,2012,3,54
596,2012,3,75
597,2012,3,75
598,2012,3,68
599,2012,5,78
600,2012,5,80
601,2012,5,72
602,2012,5,75
603,2012,5,82
604,2012,5,82
605,2012,6,89
606,2012,6,80
607,2015,4,84
608,2015,4,78
609,2015,4,54
610,2015,4,69
611,2015,5,79
612,2015,5,80
613,2015,5,87
614,2015,5,89
615,2015,6,89
616,2015,6,95
617,2015,6,96
618,2015,6,84
619,2015,7,86
620,2015,7,88
621,2015,7,89
622,2015,7,90
623,2015,8,90
624,2015,8,95
625,2015,8,89
626,2015,8,88
627,2015,8,87
628,2015,9,91
629,2015,9,78
630,2015,9,75
631,2015,9,84
632,2015,9,86
633,2015,9,75
634,2015,9,77
635,2015,10,66
636,2015,10,68
637,2015,10,75
638,2015,10,77
639,2015,11,72
640,2015,11,69
641,2015,11,77
642,2015,11,66
643,2015,11,66
644,2015,11,72
645,2015,11,73
646,2015,12,57
647,2015,12,54
648,2015,12,77
649,2016,2,72
650,2016,3,48
651,2016,3,79
652,2016,3,80
653,2016,3,86
654,2016,3,43
655,2016,3,64
656,2016,4,64
657,2016,4,64
658,2016,4,66
659,2016,4,70
660,2016,4,73
661,2016,5,82
662,2016,5,87
663,2016,6,84
664,2016,6,88
665,2016,6,84
666,2016,7,93
667,2016,7,87
668,2016,7,91
669,2017,12,70
670,2017,12,30
671,2017,12,35
672,2018,7,88
673,2018,8,82
674,2018,8,93
675,2018,8,93
676,2018,8,93
677,2018,9,91
678,2018,9,91
679,2018,9,80
680,2018,9,88
681,2018,9,88
682,2018,9,81
683,2018,9,79
684,2018,9,75
685,2018,10,82
686,2018,10,87
687,2018,10,84
688,2018,11,73
689,2018,11,48
690,2019,1,54
691,2019,1,61
692,2019,1,59
693,2019,1,51
694,2019,1,54
695,2019,2,59
696,2019,3,59
697,2019,4,69
698,2019,4,71
699,2019,4,80
700,2012,6,93
701,2012,7,102
702,2012,7,100
703,2012,7,96
704,2012,7,80
705,2012,7,93
706,2012,7,90
707,2012,7,99
708,2012,7,91
709,2012,8,93
710,2012,8,93
711,2012,8,87
712,2012,8,91
713,2012,8,77
714,2012,8,84
715,2012,8,87
716,2012,8,89
717,2012,9,88
718,2012,9,80
719,2012,9,77
720,2012,10,88
721,2012,10,64
722,2012,10,78
723,2012,10,70
724,2012,10,80
725,2012,10,66
726,2012,11,57
727,2012,11,64
728,2012,11,55
729,2012,11,59
730,2012,11,63
731,2012,12,69
732,2012,12,57
733,2012,12,57
734,2012,12,57
735,2012,12,53
736,2012,12,45
737,2012,12,52
738,2012,12,53
739,2013,1,60
740,2013,1,59
741,2013,2,53
742,2013,2,63
743,2013,2,46
744,2013,2,44
745,2013,2,42
746,2013,3,62
747,2013,3,62
748,2013,3,55
749,2013,3,48
750,2013,3,50
751,2013,3,66
752,2013,4,63
753,2013,4,82
754,2013,4,80
755,2013,4,64
756,2013,4,61
757,2013,5,64
758,2013,5,64
759,2013,5,60
760,2013,5,84
761,2013,5,81
762,2013,5,86
763,2013,5,73
764,2013,6,82
765,2013,6,86
766,2013,6,80
767,2013,6,80
768,2013,7,93
769,2013,7,89
770,2013,8,89
771,2013,8,82
772,2013,8,91
773,2013,8,90
774,2013,8,81
775,2013,8,87
776,2013,9,89
777,2013,9,84
778,2013,10,63
779,2013,10,66
780,2013,10,73
781,2013,10,72
782,2013,11,71
783,2013,11,59
784,2013,11,61
785,2013,11,71
786,2013,11,75
787,2013,11,55
788,2013,11,45
789,2013,12,62
790,2013,12,73
791,2014,1,48
792,2014,1,69
793,2014,1,62
794,2014,1,59
795,2014,1,46
796,2014,1,54
797,2014,1,64
798,2014,2,50
799,2014,2,35
800,2014,2,55
801,2014,2,53
802,2014,2,72
803,2014,2,72
804,2014,3,61
805,2014,3,55
806,2014,3,36
807,2014,3,75
808,2014,3,72
809,2014,4,81
810,2014,4,71
811,2014,4,80
812,2014,4,84
813,2014,5,69
814,2014,5,75
815,2014,5,78
816,2014,5,73
817,2014,5,87
818,2014,5,82
819,2014,5,90
820,2014,6,84
821,2014,6,90
822,2014,6,93
823,2014,6,84
824,2014,6,86
825,2014,6,93
826,2014,6,84
827,2014,6,90
828,2014,7,96
829,2014,7,90
830,2014,7,86
831,2014,7,79
832,2014,7,82
833,2014,8,75
834,2014,8,80
835,2014,8,81
836,2014,8,81
837,2014,8,82
838,2014,8,90
839,2014,8,81
840,2014,8,91
841,2014,9,93
842,2014,9,96
843,2014,9,91
844,2014,9,75
845,2014,9,81
846,2014,9,71
847,2014,9,82
848,2014,9,81
849,2014,9,73
850,2014,10,79
851,2014,10,66
852,2014,10,80
853,2014,10,73
854,2014,10,75
855,2014,10,84
856,2014,10,66
857,2014,11,66
858,2014,11,68
859,2014,11,66
860,2014,11,46
861,2014,12,52
862,2014,12,60
863,2014,12,52
864,2014,12,60
865,2014,12,39
866,2014,12,50
867,2014,12,66
868,2014,12,57
869,2014,12,41
870,2015,1,51
871,2015,1,27
872,2015,1,39
873,2015,1,41
874,2015,1,51
875,2015,1,60
876,2015,1,59
877,2015,1,48
878,2015,2,62
879,2015,2,50
880,2015,2,54
881,2015,2,39
882,2015,2,35
883,2015,2,45
884,2015,3,61
885,2015,3,75
886,2015,3,64
887,2015,3,54
888,2010,10,70
889,2010,11,53
890,2010,11,61
891,2010,11,66
892,2010,11,52
893,2010,12,48
894,2010,12,35
895,2010,12,37
896,2010,12,36
897,2010,12,43
898,2010,12,45
899,2010,12,46
900,2011,1,51
901,2011,1,57
902,2011,2,57
903,2011,2,62
904,2011,3,48
905,2011,4,71
906,2011,4,84
907,2011,5,84
908,2011,6,84
909,2011,6,95
910,2011,6,93
911,2011,7,96
912,2011,8,84
913,2011,8,91
914,2011,8,78
915,2011,9,75
916,2011,9,82
917,2011,11,73
918,2011,12,57
919,2011,12,51
920,2011,12,48
921,2011,12,48
922,2012,1,48
923,2012,1,46
924,2012,1,44
925,2012,1,69
926,2012,2,50
927,2012,2,50
928,2012,2,57
929,2012,2,73
930,2012,3,80
931,2012,3,61
932,2012,3,57
933,2012,3,80
934,2012,3,79
935,2012,4,69
936,2012,4,77
937,2012,4,63
938,2012,4,68
939,2012,4,73
940,2012,4,69
941,2012,4,81
942,2012,4,77
943,2012,4,80
944,2012,5,91
945,2012,5,84
946,2012,5,73
947,2012,5,88
948,2012,6,81
949,2012,6,75
950,2012,6,84
951,2012,6,80
952,2012,6,91
953,2012,6,95
954,2008,6,95
955,2008,6,84
956,2008,7,88
957,2008,7,89
958,2008,8,93
959,2008,8,89
960,2008,8,84
961,2008,8,91
962,2008,8,88
963,2008,9,87
964,2008,9,75
965,2008,9,78
966,2008,9,73
967,2008,9,82
968,2008,10,73
969,2008,10,82
970,2008,10,78
971,2008,10,87
972,2008,10,59
973,2008,11,73
974,2008,11,45
975,2008,11,45
976,2008,11,59
977,2008,12,57
978,2008,12,66
979,2008,12,46
980,2008,12,57
981,2008,12,61
982,2008,12,36
983,2008,12,48
984,2008,12,64
985,2009,1,46
986,2009,1,50
987,2009,1,36
988,2009,1,43
989,2009,1,54
990,2009,1,46
991,2009,2,73
992,2009,2,75
993,2009,2,50
994,2009,2,57
995,2009,2,46
996,2009,2,72
997,2009,3,35
998,2009,3,73
999,2009,3,82
1000,2009,3,84
1001,2009,3,66
1002,2009,3,69
1003,2009,3,77
1004,2009,4,70
1005,2009,4,78
1006,2009,4,66
1007,2009,4,64
1008,2009,4,91
1009,2009,5,73
1010,2009,5,82
1011,2009,5,90
1012,2009,5,84
1013,2009,5,66
1014,2009,5,71
1015,2009,5,82
1016,2009,5,86
1017,2009,5,88
1018,2009,5,84
1019,2009,6,87
1020,2009,6,93
1021,2009,6,89
1022,2009,6,80
1023,2009,6,91
1024,2009,6,91
1025,2009,7,97
1026,2009,7,97
1027,2009,7,88
1028,2009,7,91
1029,2009,7,99
1030,2009,8,95
1031,2009,8,88
1032,2009,8,93
1033,2009,8,86
1034,2009,8,84
1035,2009,9,81
1036,2009,9,82
1037,2009,9,72
1038,2009,9,82
1039,2009,9,90
1040,2012,6,87
1041,2012,6,105
1042,2012,7,105
1043,2012,7,88
1044,2012,7,99
1045,2012,7,95
1046,2012,7,96
1047,2012,7,89
1048,2012,8,91
1049,2012,8,86
1050,2012,8,72
1051,2012,9,84
1052,2012,9,90
1053,2012,9,80
1054,2012,9,84
1055,2012,9,72
1056,2012,9,82
1057,2012,9,84
1058,2012,10,66
1059,2012,10,79
1060,2012,10,82
1061,2012,10,64
1062,2012,11,55
1063,2012,11,55
1064,2012,11,46
1065,2012,11,55
1066,2012,11,53
1067,2012,12,71
1068,2012,12,64
1069,2012,12,51
1070,2012,12,62
1071,2012,12,50
1072,2013,1,50
1073,2013,1,52
1074,2013,1,51
1075,2013,1,71
1076,2013,1,50
1077,2013,1,54
1078,2013,1,63
1079,2013,1,28
1080,2013,1,51
1081,2013,1,63
1082,2013,2,39
1083,2013,2,45
1084,2013,2,50
1085,2013,2,48
1086,2013,2,62
1087,2013,2,52
1088,2013,2,42
1089,2013,3,46
1090,2013,3,69
1091,2013,3,57
1092,2013,3,61
1093,2013,3,55
1094,2013,3,55
1095,2013,3,68
1096,2013,4,60
1097,2013,4,84
1098,2013,4,75
1099,2013,4,77
1100,2013,5,84
1101,2013,5,78
1102,2013,6,87
1103,2013,6,84
1104,2013,6,86
1105,2013,6,89
1106,2013,6,86
1107,2013,7,84
1108,2013,7,89
1109,2013,7,90
1110,2013,7,84
1111,2013,7,93
1112,2013,7,93
1113,2013,7,91
1114,2013,7,91
1115,2013,7,87
1116,2013,7,82
1117,2013,8,91
1118,2013,8,75
1119,2013,8,82
1120,2013,8,90
1121,2013,9,82
1122,2013,9,87
1123,2013,9,91
1124,2013,9,90
1125,2013,9,75
1126,2013,9,72
1127,2013,9,73
1128,2013,10,82
1129,2013,10,84
1130,2013,10,61
1131,2013,10,69
1132,2013,10,71
1133,2013,10,68
1134,2013,10,69
1135,2013,11,55
1136,2013,11,52
1137,2013,11,62
1138,2013,11,61
1139,2013,12,57
1140,2013,12,64
1141,2013,12,69
1142,2013,12,46
1143,2013,12,54
1144,2013,12,68
1145,2013,12,39
1146,2013,12,51
1147,2014,1,51
1148,2014,1,25
1149,2014,1,43
1150,2014,1,54
1151,2014,1,54
1152,2014,1,44
1153,2014,1,27
1154,2014,1,39
1155,2014,2,64
1156,2014,2,55
1157,2014,2,36
1158,2014,2,45
1159,2014,2,64
1160,2014,3,71
1161,2014,3,42
1162,2014,3,68
1163,2014,3,45
1164,2014,3,60
1165,2014,3,37
1166,2014,3,46
1167,2014,3,66
1168,2014,3,57
1169,2014,4,75
1170,2014,4,68
1171,2014,4,73
1172,2014,4,71
1173,2014,5,73
1174,2014,5,84
1175,2014,5,89
1176,2014,5,86
1177,2014,5,90
1178,2014,5,91
1179,2014,5,88
1180,2014,5,79
1181,2014,5,90
1182,2014,5,75
1183,2014,6,89
1184,2014,6,82
1185,2014,6,87
1186,2014,6,93
1187,2014,6,88
1188,2014,6,86
1189,2014,6,91
1190,2014,6,84
1191,2014,6,93
1192,2014,6,84
1193,2014,7,93
1194,2014,7,90
1195,2014,7,82
1196,2014,7,80
1197,2014,7,82
1198,2014,7,84
1199,2014,7,81
1200,2014,8,70
1201,2014,8,84
1202,2014,8,90
1203,2014,8,84
1204,2014,8,86
1205,2014,8,88
1206,2014,8,91
1207,2014,8,89
1208,2014,9,78
1209,2014,9,73
1210,2014,9,88
1211,2014,9,80
1212,2014,9,81
1213,2014,9,87
1214,2014,9,64
1215,2014,9,68
1216,2014,9,79
1217,2014,10,79
1218,2014,10,79
1219,2014,10,72
1220,2014,10,73
1221,2014,10,75
1222,2014,10,71
1223,2014,10,66
1224,2014,10,71
1225,2014,11,60
1226,2014,11,72
1227,2014,11,46
1228,2014,11,54
1229,2014,11,50
1230,2014,11,54
1231,2014,12,45
1232,2014,12,64
1233,2015,1,45
1234,2015,1,53
1235,2015,1,44
1236,2015,1,46
1237,2015,2,54
1238,2015,2,35
1239,2015,2,39
1240,2015,2,26
1241,2015,3,71
1242,2015,3,62
1243,2015,3,60
1244,2016,1,51
1245,2016,1,32
1246,2016,1,54
1247,2016,1,70
1248,2016,2,63
1249,2016,2,32
1250,2016,2,51
1251,2016,2,57
1252,2016,2,50
1253,2016,3,80
1254,2016,3,78
1255,2016,3,72
1256,2016,3,57
1257,2016,3,77
1258,2016,3,59
1259,2016,5,87
1260,2016,5,64
1261,2016,5,70
1262,2016,6,86
1263,2016,6,91
1264,2016,6,84
1265,2016,6,82
1266,2016,7,95
1267,2016,8,86
1268,2016,8,93
1269,2016,8,91
1270,2016,8,95
1271,2016,9,84
1272,2016,9,96
1273,2016,9,93
1274,2016,9,91
1275,2016,9,91
1276,2016,9,75
1277,2016,10,72
1278,2016,10,70
1279,2016,10,68
1280,2016,10,88
1281,2016,10,64
1282,2016,10,73
1283,2016,11,64
1284,2016,11,75
1285,2016,11,73
1286,2016,11,55
1287,2016,12,68
1288,2016,12,57
1289,2016,12,32
1290,2016,12,59
1291,2017,1,55
1292,2017,1,64
1293,2017,1,63
1294,2017,2,61
1295,2017,2,73
1296,2017,2,73
1297,2017,2,73
1298,2017,2,70
1299,2017,3,62
1300,2017,3,53
1301,2017,3,48
1302,2017,3,39
1303,2017,3,50
1304,2017,3,71
1305,2017,3,80
1306,2017,3,73
1307,2017,4,69
1308,2017,4,75
1309,2017,4,66
1310,2017,4,80
1311,2017,4,81
1312,2017,4,84
1313,2017,4,69
1314,2017,5,78
1315,2017,5,69
1316,2017,5,64
1317,2017,5,89
1318,2017,5,75
1319,2017,5,81
1320,2017,6,84
1321,2017,6,89
1322,2017,6,91
1323,2017,6,84
1324,2017,6,91
1325,2017,7,91
1326,2017,7,82
1327,2017,7,84
1328,2017,8,88
1329,2017,8,91
1330,2017,8,95
1331,2017,9,82
1332,2017,9,87
1333,2017,9,84
1334,2017,9,84
1335,2017,9,87
1336,2017,9,84
1337,2017,9,72
1338,2017,9,77
1339,2017,10,75
1340,2017,10,77
1341,2017,10,86
1342,2017,10,77
1343,2017,10,71
1344,2017,10,77
1345,2017,11,73
1346,2017,11,64
1347,2017,11,50
1348,2017,11,64
1349,2017,11,50
1350,2017,11,57
1351,2017,11,62
1352,2017,11,64
1353,2017,11,69
1354,2017,12,61
1355,2017,12,57
1356,2014,12,53
1357,2014,12,52
1358,2015,1,51
1359,2015,1,39
1360,2015,1,63
1361,2015,2,27
1362,2015,3,75
1363,2015,3,53
1364,2010,5,63
1365,2010,6,89
1366,2010,6,82
1367,2010,6,91
1368,2010,6,91
1369,2010,6,96
1370,2010,6,78
1371,2010,7,93
1372,2010,7,102
1373,2010,7,95
1374,2010,7,93
1375,2010,7,93
1376,2010,7,93
1377,2010,8,95
1378,2010,8,91
1379,2010,8,80
1380,2010,8,90
1381,2010,9,99
1382,2010,9,93
1383,2010,9,81
1384,2010,10,79
1385,2010,10,84
1386,2011,1,44
1387,2011,1,41
1388,2011,1,46
1389,2011,2,75
1390,2011,2,59
1391,2011,2,81
1392,2011,3,57
1393,2011,3,70
1394,2011,4,84
1395,2011,5,82
1396,2011,5,84
1397,2011,5,68
1398,2011,5,80
1399,2011,5,93
1400,2011,7,89
1401,2011,7,100
1402,2011,8,96
1403,2011,9,60
1404,2011,9,61
1405,2011,9,78
1406,2011,9,80
1407,2011,9,87
1408,2011,10,77
1409,2011,11,64
1410,2011,11,75
1411,2011,11,75
1412,2011,12,62
1413,2012,1,44
1414,2012,1,72
1415,2012,1,55
1416,2012,1,64
1417,2015,3,51
1418,2015,3,64
1419,2015,3,46
1420,2015,3,66
1421,2015,4,73
1422,2015,4,78
1423,2015,4,73
1424,2015,4,66
1425,2015,4,66
1426,2015,4,57
1427,2015,4,73
1428,2015,5,61
1429,2015,5,82
1430,2015,5,80
1431,2015,5,72
1432,2015,5,91
1433,2015,5,90
1434,2015,5,84
1435,2015,6,68
1436,2015,6,88
1437,2015,6,86
1438,2015,6,96
1439,2015,6,96
1440,2015,6,98
1441,2015,7,87
1442,2015,7,87
1443,2015,7,91
1444,2015,7,86
1445,2015,7,88
1446,2015,7,90
1447,2015,7,93
1448,2015,8,97
1449,2015,8,87
1450,2015,8,91
1451,2015,8,95
1452,2015,8,89
1453,2015,9,86
1454,2015,9,89
1455,2015,9,84
1456,2015,9,81
1457,2015,9,84
1458,2015,9,79
1459,2015,9,82
1460,2015,9,82
1461,2015,10,60
1462,2015,10,81
1463,2015,10,79
1464,2015,10,68
1465,2015,10,66
1466,2015,11,59
1467,2015,11,71
1468,2015,11,71
1469,2015,12,64
1470,2015,12,59
1471,2015,12,48
1472,2015,12,57
1473,2015,12,64
1474,2015,12,68
1475,2016,1,34
1476,2016,1,45
1477,2016,1,45
1478,2016,1,32
1479,2016,2,44
1480,2016,3,52
1481,2016,3,55
1482,2016,4,52
1483,2016,4,60
1484,2016,4,72
1485,2016,5,82
1486,2016,5,78
1487,2016,5,71
1488,2016,6,93
1489,2016,6,91
1490,2016,6,82
1491,2016,6,91
1492,2016,7,89
1493,2016,7,84
1494,2016,7,90
1495,2016,7,95
1496,2009,10,55
1497,2009,10,57
1498,2009,10,61
1499,2009,10,72
1500,2009,10,78
1501,2009,10,81
1502,2009,10,64
1503,2009,11,64
1504,2009,11,64
1505,2009,11,66
1506,2009,11,57
1507,2009,11,61
1508,2009,12,48
1509,2009,12,44
1510,2009,12,43
1511,2009,12,34
1512,2009,12,45
1513,2009,12,59
1514,2009,12,42
1515,2010,1,48
1516,2010,1,32
1517,2010,1,36
1518,2010,1,41
1519,2010,1,62
1520,2010,1,62
1521,2010,1,50
1522,2010,1,66
1523,2010,1,51
1524,2010,1,37
1525,2010,2,51
1526,2010,2,46
1527,2010,2,51
1528,2010,2,48
1529,2010,2,51
1530,2010,2,51
1531,2010,3,69
1532,2010,3,64
1533,2010,3,69
1534,2010,4,84
1535,2010,4,88
1536,2010,4,70
1537,2010,4,75
1538,2010,4,78
1539,2010,4,78
1540,2010,4,66
1541,2010,4,72
1542,2010,4,77
1543,2010,4,81
1544,2010,4,66
1545,2010,5,89
1546,2010,5,68
1547,2010,5,84
1548,2010,6,91
1549,2010,6,98
1550,2010,7,91
1551,2010,7,95
1552,2010,8,98
1553,2010,9,87
1554,2010,9,93
1555,2010,9,84
1556,2010,9,75
1557,2010,10,78
1558,2010,11,57
1559,2010,11,62
1560,2010,11,77
1561,2010,12,42
1562,2010,12,44
1563,2011,1,54
1564,2011,1,53
1565,2011,2,48
1566,2011,3,48
1567,2011,4,75
1568,2011,5,72
1569,2011,5,73
1570,2011,5,79
1571,2011,5,78
1572,2011,5,82
1573,2011,5,86
1574,2011,7,100
1575,2011,7,97
1576,2011,7,96
1577,2011,7,104
1578,2011,7,100
1579,2011,8,89
1580,2011,8,93
1581,2011,9,86
1582,2011,9,70
1583,2011,10,78
1584,2011,10,73
1585,2011,10,84
1586,2011,10,71
1587,2011,11,71
1588,2011,11,66
1589,2017,12,53
1590,2017,12,71
1591,2017,12,42
1592,2018,1,28
1593,2018,1,37
1594,2018,2,57
1595,2018,2,78
1596,2018,3,55
1597,2018,10,80
1598,2018,10,66
1599,2018,10,55
1600,2018,11,52
1601,2018,11,48
1602,2018,11,64
1603,2018,11,50
1604,2018,11,51
1605,2018,12,45
1606,2018,12,57
1607,2018,12,53
1608,2018,12,53
1609,2019,1,64
1610,2019,1,51
1611,2019,1,43
1612,2019,1,39
1613,2019,1,64
1614,2019,1,50
1615,2019,1,39
1616,2019,2,68
1617,2019,2,75
1618,2019,2,75
1619,2019,2,59
1620,2019,2,64
1621,2019,3,48
1622,2019,3,66
1623,2019,4,66
1624,2019,4,81
1625,2019,4,69
1626,2017,12,57
1627,2017,12,55
1628,2018,1,55
1629,2018,1,39
1630,2018,1,48
1631,2018,1,57
1632,2018,1,39
1633,2018,2,42
1634,2018,2,55
1635,2018,2,64
1636,2018,2,61
1637,2018,2,63
1638,2018,3,57
1639,2018,3,54
1640,2018,3,55
1641,2018,3,68
1642,2018,3,57
1643,2018,3,54
1644,2018,3,80
1645,2018,3,71
1646,2018,3,64
1647,2018,4,77
1648,2018,4,81
1649,2018,4,62
1650,2018,4,82
1651,2018,4,66
1652,2018,5,84
1653,2018,5,79
1654,2018,5,82
1655,2018,5,86
1656,2018,5,87
1657,2018,5,75
1658,2018,6,91
1659,2018,6,84
1660,2018,6,89
1661,2018,6,91
1662,2018,6,84
1663,2018,6,86
1664,2018,6,90
1665,2018,6,96
1666,2018,6,93
1667,2018,7,95
1668,2018,7,93
1669,2018,7,91
1670,2018,7,88
1671,2018,7,95
1672,2018,8,89
1673,2018,8,86
1674,2018,8,90
1675,2018,8,80
1676,2018,8,95
1677,2018,9,91
1678,2018,9,84
1679,2018,9,88
1680,2018,9,73
1681,2018,9,87
1682,2018,9,79
1683,2018,10,82
1684,2018,10,80
1685,2018,10,64
1686,2018,12,53
1687,2018,12,57
1688,2018,12,66
1689,2019,2,64
1690,2019,2,37
1691,2019,4,75
1692,2019,4,70
1693,2019,4,73
1694,2007,1,55
1695,2007,1,62
1696,2007,1,69
1697,2007,1,44
1698,2007,1,73
1699,2007,1,39
1700,2007,1,35
1701,2007,1,48
1702,2007,2,46
1703,2007,2,45
1704,2007,2,66
1705,2007,2,73
1706,2007,3,66
1707,2007,3,70
1708,2007,3,81
1709,2007,3,63
1710,2007,3,63
1711,2007,3,77
1712,2007,3,79
1713,2007,3,61
1714,2007,3,70
1715,2007,3,79
1716,2007,4,75
1717,2007,4,66
1718,2007,4,60
1719,2007,4,66
1720,2007,4,71
1721,2007,4,77
1722,2007,4,82
1723,2007,5,81
1724,2007,5,81
1725,2007,5,82
1726,2007,5,91
1727,2007,5,91
1728,2007,5,90
1729,2007,6,89
1730,2007,6,77
1731,2007,6,90
1732,2007,6,90
1733,2007,6,93
1734,2007,6,87
1735,2007,6,95
1736,2007,6,89
1737,2007,7,84
1738,2007,7,89
1739,2007,7,87
1740,2007,7,84
1741,2007,7,88
1742,2007,7,91
1743,2007,7,88
1744,2007,8,99
1745,2007,8,93
1746,2007,8,99
1747,2007,8,99
1748,2007,9,99
1749,2007,9,91
1750,2007,9,78
1751,2007,9,73
1752,2007,9,84
1753,2007,9,79
1754,2007,10,82
1755,2007,10,78
1756,2007,10,82
1757,2007,10,61
1758,2007,10,66
1759,2007,11,73
1760,2007,11,51
1761,2007,11,50
1762,2007,12,57
1763,2007,12,81
1764,2007,12,73
1765,2007,12,46
1766,2007,12,48
1767,2007,12,57
1768,2008,1,55
1769,2008,1,73
1770,2008,1,52
1771,2008,1,51
1772,2008,1,42
1773,2008,1,51
1774,2008,2,66
1775,2008,2,64
1776,2008,2,42
1777,2008,2,46
1778,2008,3,63
1779,2008,3,73
1780,2008,3,57
1781,2008,3,59
1782,2008,3,75
1783,2008,3,57
1784,2008,4,52
1785,2008,4,61
1786,2008,4,55
1787,2008,4,80
1788,2008,4,82
1789,2008,4,61
1790,2008,5,82
1791,2008,5,77
1792,2008,5,64
1793,2008,5,78
1794,2008,5,82
1795,2008,5,73
1796,2008,5,86
1797,2008,6,100
1798,2015,3,66
1799,2015,3,66
1800,2015,3,66
1801,2015,4,72
1802,2015,4,75
1803,2015,4,61
1804,2015,4,78
1805,2015,4,80
1806,2015,4,70
1807,2015,4,68
1808,2015,4,70
1809,2015,5,82
1810,2015,5,82
1811,2015,5,78
1812,2015,5,84
1813,2015,5,88
1814,2015,5,75
1815,2015,5,87
1816,2015,5,88
1817,2015,6,98
1818,2015,6,95
1819,2015,6,91
1820,2015,6,91
1821,2015,7,87
1822,2015,7,91
1823,2015,7,88
1824,2015,7,90
1825,2015,8,95
1826,2015,8,87
1827,2015,8,88
1828,2015,8,91
1829,2015,8,84
1830,2015,9,93
1831,2015,9,70
1832,2015,9,80
1833,2015,10,69
1834,2015,10,66
1835,2015,10,73
1836,2015,10,68
1837,2015,10,79
1838,2015,10,79
1839,2015,11,63
1840,2015,11,66
1841,2015,11,70
1842,2015,11,60
1843,2015,11,57
1844,2015,11,59
1845,2015,11,70
1846,2015,12,53
1847,2015,12,61
1848,2015,12,71
1849,2015,12,72
1850,2015,12,64
1851,2015,12,54
1852,2015,12,73
1853,2015,12,66
1854,2016,1,44
1855,2016,1,54
1856,2016,1,32
1857,2016,1,39
1858,2016,1,44
1859,2016,1,52
1860,2016,2,55
1861,2016,2,32
1862,2016,2,53
1863,2016,2,66
1864,2016,2,73
1865,2016,3,73
1866,2016,3,68
1867,2016,3,78
1868,2016,3,77
1869,2016,3,77
1870,2016,4,78
1871,2016,4,71
1872,2016,4,75
1873,2016,4,62
1874,2016,4,63
1875,2016,4,75
1876,2016,4,81
1877,2016,4,84
1878,2016,4,64
1879,2016,5,73
1880,2016,5,66
1881,2016,5,69
1882,2016,5,62
1883,2016,5,77
1884,2016,5,87
1885,2016,5,84
1886,2016,6,91
1887,2016,6,91
1888,2016,6,90
1889,2016,6,89
1890,2016,7,88
1891,2016,7,78
1892,2016,7,91
1893,2016,7,93
1894,2016,7,97
1895,2016,8,91
1896,2016,8,96
1897,2016,8,96
1898,2016,8,93
1899,2016,8,91
1900,2016,8,99
1901,2016,9,93
1902,2016,9,75
1903,2016,9,93
1904,2016,9,88
1905,2016,9,91
1906,2016,9,82
1907,2016,9,75
1908,2016,9,82
1909,2016,9,80
1910,2016,9,82
1911,2016,10,79
1912,2016,10,79
1913,2016,10,75
1914,2016,10,72
1915,2016,10,70
1916,2016,11,64
1917,2016,11,70
1918,2016,11,64
1919,2016,11,72
1920,2016,11,59
1921,2016,11,77
1922,2016,12,41
1923,2016,12,59
1924,2016,12,63
1925,2017,1,51
1926,2017,1,44
1927,2017,1,55
1928,2017,1,57
1929,2017,1,55
1930,2017,1,70
1931,2017,1,68
1932,2017,2,45
1933,2017,2,60
1934,2017,2,64
1935,2017,2,66
1936,2017,2,66
1937,2017,3,54
1938,2017,3,64
1939,2017,3,54
1940,2017,3,57
1941,2017,3,64
1942,2017,3,57
1943,2017,3,66
1944,2017,3,55
1945,2017,3,66
1946,2017,4,77
1947,2017,4,82
1948,2017,4,86
1949,2017,4,70
1950,2017,4,81
1951,2017,5,84
1952,2017,5,66
1953,2017,5,84
1954,2017,5,66
1955,2017,5,86
1956,2017,5,89
1957,2017,5,90
1958,2017,5,86
1959,2017,5,87
1960,2017,5,82
1961,2017,6,84
1962,2017,6,88
1963,2017,6,90
1964,2017,6,77
1965,2017,6,90
1966,2017,6,89
1967,2017,6,89
1968,2017,6,84
1969,2017,7,89
1970,2017,7,95
1971,2017,7,93
1972,2017,7,97
1973,2017,7,93
1974,2017,7,89
1975,2017,7,93
1976,2017,7,98
1977,2017,7,91
1978,2017,7,90
1979,2017,7,93
1980,2017,7,87
1981,2017,8,91
1982,2017,8,91
1983,2017,8,90
1984,2017,8,84
1985,2017,8,95
1986,2017,8,96
1987,2017,8,84
1988,2017,8,81
1989,2017,8,78
1990,2017,9,78
1991,2017,9,82
1992,2017,9,84
1993,2017,9,93
1994,2017,10,71
1995,2017,10,89
1996,2017,10,69
1997,2017,10,68
1998,2017,10,75
1999,2017,10,72
2000,2017,11,63
2001,2017,11,60
2002,2017,11,66
2003,2017,12,43
2004,2017,12,34
2005,2018,1,33
2006,2018,1,46
2007,2018,1,48
2008,2018,1,60
2009,2018,1,46
2010,2018,2,57
2011,2018,4,62
2012,2018,4,57
2013,2018,4,62
2014,2018,4,70
2015,2018,4,66
2016,2018,5,84
2017,2018,5,88
2018,2018,6,90
2019,2018,6,91
2020,2018,7,98
2021,2018,7,89
2022,2018,7,86
2023,2018,7,86
2024,2018,7,86
2025,2018,8,91
2026,2018,8,88
2027,2018,10,89
2028,2018,10,79
2029,2018,10,71
2030,2018,10,64
2031,2018,10,72
2032,2018,11,75
2033,2018,12,48
2034,2018,12,34
2035,2019,1,39
2036,2019,1,37
2037,2019,1,54
2038,2019,1,48
2039,2019,1,59
2040,2019,1,53
2041,2019,2,53
2042,2019,3,68
2043,2019,3,60
2044,2019,3,71
2045,2019,3,73
2046,2019,3,75
2047,2019,4,39
2048,2019,4,60
2049,2019,4,73
2050,2019,4,0
2051,2012,6,89
2052,2012,6,91
2053,2012,6,97
2054,2012,7,100
2055,2012,7,100
2056,2012,7,86
2057,2012,7,93
2058,2012,7,98
2059,2012,7,96
2060,2012,7,88
2061,2012,8,93
2062,2012,8,89
2063,2012,8,88
2064,2012,8,81
2065,2012,8,86
2066,2012,9,90
2067,2012,9,79
2068,2012,9,78
2069,2012,9,64
2070,2012,9,84
2071,2012,9,73
2072,2012,10,57
2073,2012,10,68
2074,2012,10,73
2075,2012,10,80
2076,2012,10,51
2077,2012,10,55
2078,2012,11,54
2079,2012,11,61
2080,2012,11,59
2081,2012,11,66
2082,2012,11,51
2083,2012,12,66
2084,2012,12,51
2085,2012,12,64
2086,2012,12,55
2087,2012,12,46
2088,2013,1,50
2089,2013,2,55
2090,2013,2,52
2091,2013,2,52
2092,2013,2,61
2093,2013,2,37
2094,2013,2,52
2095,2013,2,62
2096,2013,2,59
2097,2013,2,50
2098,2013,3,46
2099,2013,3,50
2100,2013,3,51
2101,2013,3,70
2102,2013,3,78
2103,2013,4,64
2104,2013,4,81
2105,2013,4,79
2106,2013,4,84
2107,2013,4,71
2108,2013,4,72
2109,2013,4,62
2110,2013,5,69
2111,2013,5,71
2112,2013,5,72
2113,2013,5,86
2114,2013,5,75
2115,2013,5,82
2116,2013,5,70
2117,2013,5,80
2118,2013,5,86
2119,2013,5,87
2120,2013,6,89
2121,2009,12,50
2122,2010,2,37
2123,2010,2,45
2124,2010,4,78
2125,2010,4,75
2126,2010,5,90
2127,2010,5,95
2128,2010,5,70
2129,2010,5,73
2130,2010,5,91
2131,2010,7,87
2132,2010,7,97
2133,2010,7,97
2134,2010,7,102
2135,2010,8,79
2136,2010,8,95
2137,2010,8,89
2138,2010,8,84
2139,2010,8,90
2140,2010,8,82
2141,2010,8,90
2142,2010,9,87
2143,2010,9,79
2144,2010,9,95
2145,2011,1,48
2146,2011,1,61
2147,2011,2,57
2148,2011,2,68
2149,2011,2,73
2150,2011,2,61
2151,2011,2,81
2152,2011,3,66
2153,2011,3,61
2154,2011,3,69
2155,2011,3,64
2156,2011,3,51
2157,2011,3,57
2158,2011,3,68
2159,2011,3,39
2160,2011,4,71
2161,2011,4,84
2162,2011,4,68
2163,2011,4,78
2164,2011,5,71
2165,2011,5,66
2166,2011,5,79
2167,2011,5,78
2168,2011,5,75
2169,2011,5,93
2170,2011,5,93
2171,2011,5,93
2172,2011,5,95
2173,2011,6,93
2174,2011,6,93
2175,2011,7,91
2176,2011,7,86
2177,2011,7,102
2178,2011,7,100
2179,2011,7,102
2180,2011,8,89
2181,2011,8,91
2182,2011,8,89
2183,2011,8,89
2184,2011,8,82
2185,2011,9,86
2186,2011,9,88
2187,2011,9,82
2188,2011,9,84
2189,2011,9,84
2190,2011,9,88
2191,2011,9,89
2192,2011,10,62
2193,2011,10,72
2194,2011,10,77
2195,2011,10,73
2196,2011,10,66
2197,2011,11,71
2198,2011,11,64
2199,2011,11,51
2200,2011,11,70
2201,2011,11,71
2202,2011,12,70
2203,2011,12,55
2204,2011,12,63
2205,2011,12,52
2206,2012,1,57
2207,2012,1,60
2208,2012,2,57
2209,2012,2,42
2210,2012,2,57
2211,2012,3,64
2212,2012,3,52
2213,2012,3,82
2214,2012,3,71
2215,2012,3,78
2216,2012,3,77
2217,2012,4,73
2218,2012,4,73
2219,2012,4,84
2220,2012,4,69
2221,2012,4,73
2222,2012,4,64
2223,2012,4,77
2224,2012,5,90
2225,2012,5,77
2226,2012,5,77
2227,2012,5,82
2228,2012,5,82
2229,2012,5,81
2230,2012,5,77
2231,2012,5,86
2232,2012,5,84
2233,2012,5,86
2234,2012,5,89
2235,2012,5,90
2236,2012,6,88
2237,2012,6,75
2238,2012,6,81
2239,2012,6,86
2240,2013,6,75
2241,2013,6,84
2242,2013,6,84
2243,2013,6,90
2244,2013,6,89
2245,2013,6,91
2246,2013,7,82
2247,2013,7,77
2248,2013,7,88
2249,2013,7,88
2250,2013,7,86
2251,2013,8,91
2252,2013,8,75
2253,2013,8,82
2254,2013,9,91
2255,2013,9,87
2256,2013,9,88
2257,2013,9,75
2258,2013,9,80
2259,2013,9,86
2260,2013,9,73
2261,2013,9,78
2262,2013,9,77
2263,2013,9,77
2264,2013,9,73
2265,2013,10,86
2266,2013,10,89
2267,2013,10,66
2268,2013,10,70
2269,2013,10,69
2270,2013,10,64
2271,2013,10,66
2272,2013,10,55
2273,2013,11,70
2274,2013,11,57
2275,2013,11,60
2276,2013,12,60
2277,2013,12,48
2278,2013,12,46
2279,2014,1,43
2280,2014,1,37
2281,2014,1,51
2282,2014,1,30
2283,2014,1,53
2284,2014,2,59
2285,2014,2,53
2286,2014,2,45
2287,2014,2,66
2288,2014,3,44
2289,2014,3,36
2290,2014,3,72
2291,2014,3,50
2292,2014,3,46
2293,2014,3,69
2294,2014,4,78
2295,2014,4,78
2296,2014,4,81
2297,2014,4,64
2298,2014,4,71
2299,2014,5,73
2300,2014,5,68
2301,2014,5,79
2302,2014,5,82
2303,2014,6,87
2304,2014,7,90
2305,2014,7,96
2306,2014,7,93
2307,2014,7,84
2308,2014,7,82
2309,2014,8,82
2310,2014,8,89
2311,2014,8,91
2312,2014,8,84
2313,2014,8,82
2314,2014,9,93
2315,2014,9,90
2316,2014,9,80
2317,2014,9,75
2318,2014,9,79
2319,2014,9,75
2320,2014,9,64
2321,2014,9,75
2322,2014,9,75
2323,2014,10,84
2324,2014,10,86
2325,2014,10,62
2326,2014,10,70
2327,2014,10,75
2328,2014,11,51
2329,2014,11,71
2330,2014,11,60
2331,2014,11,60
2332,2014,11,66
2333,2014,11,44
2334,2014,11,48
2335,2014,11,43
2336,2014,11,45
2337,2014,12,73
2338,2014,12,54
2339,2014,12,55
2340,2014,12,45
2341,2014,12,57
2342,2014,12,57
2343,2014,12,41
2344,2015,1,33
2345,2015,1,54
2346,2015,1,50
2347,2015,1,48
2348,2015,2,45
2349,2015,2,72
2350,2015,2,51
2351,2015,2,35
2352,2015,2,53
2353,2015,2,23
2354,2015,2,57
2355,2015,2,46
2356,2015,3,66
2357,2015,3,80
2358,2009,9,81
2359,2009,10,73
2360,2009,10,66
2361,2009,10,66
2362,2009,10,73
2363,2009,10,81
2364,2009,10,62
2365,2009,10,61
2366,2009,10,80
2367,2009,11,75
2368,2009,11,57
2369,2009,11,52
2370,2009,11,62
2371,2009,12,59
2372,2009,12,48
2373,2009,12,48
2374,2010,1,36
2375,2010,1,37
2376,2010,1,39
2377,2010,1,51
2378,2010,2,48
2379,2010,2,44
2380,2010,2,42
2381,2010,2,39
2382,2010,2,42
2383,2010,2,43
2384,2010,2,64
2385,2010,2,50
2386,2010,3,54
2387,2010,3,69
2388,2010,3,68
2389,2010,3,73
2390,2010,3,66
2391,2010,3,77
2392,2010,4,75
2393,2010,4,73
2394,2010,5,88
2395,2010,6,82
2396,2010,6,88
2397,2010,6,93
2398,2010,6,93
2399,2010,6,93
2400,2010,6,99
2401,2010,9,87
2402,2010,9,98
2403,2010,10,72
2404,2010,10,71
2405,2010,10,70
2406,2010,10,82
2407,2010,10,87
2408,2010,11,61
2409,2010,11,66
2410,2010,11,69
2411,2010,12,70
2412,2010,12,35
2413,2011,1,63
2414,2017,12,46
2415,2017,12,43
2416,2017,12,45
2417,2017,12,52
2418,2018,1,31
2419,2018,1,27
2420,2018,1,63
2421,2018,2,75
2422,2018,2,77
2423,2018,2,70
2424,2018,3,44
2425,2018,3,50
2426,2018,4,72
2427,2018,5,93
2428,2018,5,77
2429,2018,5,84
2430,2018,5,87
2431,2018,6,84
2432,2018,6,84
2433,2018,6,70
2434,2018,6,91
2435,2018,6,95
2436,2018,6,96
2437,2018,6,73
2438,2018,7,93
2439,2018,7,79
2440,2018,7,89
2441,2018,7,95
2442,2018,7,95
2443,2018,8,88
2444,2018,9,90
2445,2018,9,91
2446,2018,9,88
2447,2018,9,87
2448,2018,9,75
2449,2018,9,79
2450,2018,9,82
2451,2018,10,66
2452,2018,10,64
2453,2018,11,59
2454,2018,11,42
2455,2018,12,44
2456,2018,12,60
2457,2018,12,61
2458,2018,12,66
2459,2018,12,51
2460,2019,1,55
2461,2019,2,61
2462,2019,2,46
2463,2019,3,60
2464,2007,1,68
2465,2007,1,71
2466,2007,1,55
2467,2007,1,51
2468,2007,1,73
2469,2007,1,63
2470,2007,2,34
2471,2007,2,50
2472,2007,2,48
2473,2007,2,57
2474,2007,2,51
2475,2007,2,64
2476,2007,3,70
2477,2007,3,71
2478,2007,3,81
2479,2007,3,77
2480,2007,3,86
2481,2007,4,77
2482,2007,4,82
2483,2007,4,48
2484,2007,4,55
2485,2007,4,84
2486,2007,5,82
2487,2007,5,87
2488,2007,5,69
2489,2007,6,82
2490,2007,6,96
2491,2007,6,82
2492,2007,6,84
2493,2007,7,91
2494,2007,7,93
2495,2007,7,93
2496,2007,8,84
2497,2007,8,91
2498,2007,8,90
2499,2007,8,99
2500,2007,8,90
2501,2007,8,93
2502,2007,8,90
2503,2007,9,87
2504,2007,9,96
2505,2007,9,95
2506,2007,9,93
2507,2007,9,75
2508,2007,9,75
2509,2007,9,81
2510,2007,9,80
2511,2007,10,93
2512,2007,10,73
2513,2007,10,75
2514,2007,10,80
2515,2007,10,79
2516,2007,10,84
2517,2007,10,80
2518,2007,10,78
2519,2007,11,78
2520,2007,11,66
2521,2007,11,60
2522,2007,11,66
2523,2007,11,64
2524,2007,12,53
2525,2007,12,45
2526,2007,12,72
2527,2007,12,66
2528,2007,12,57
2529,2007,12,43
2530,2007,12,71
2531,2007,12,57
2532,2007,12,57
2533,2008,1,45
2534,2008,1,55
2535,2008,1,33
2536,2008,1,54
2537,2008,1,57
2538,2008,2,55
2539,2008,3,73
2540,2008,3,66
2541,2008,3,63
2542,2008,3,73
2543,2008,3,68
2544,2008,3,51
2545,2008,3,81
2546,2008,3,68
2547,2008,4,66
2548,2008,4,68
2549,2008,4,69
2550,2008,4,75
2551,2008,4,66
2552,2008,5,80
2553,2008,5,66
2554,2008,5,75
2555,2008,5,75
2556,2008,5,75
2557,2008,5,84
2558,2008,5,87
2559,2008,5,89
2560,2008,6,88
2561,2008,6,100
2562,2008,6,89
2563,2008,6,91
2564,2008,6,91
2565,2008,6,97
2566,2008,6,98
2567,2008,6,89
2568,2008,7,81
2569,2008,7,91
2570,2008,7,87
2571,2008,7,89
2572,2008,7,79
2573,2008,7,91
2574,2008,7,93
2575,2008,7,97
2576,2008,7,97
2577,2008,7,87
2578,2008,7,87
2579,2008,8,91
2580,2008,8,93
2581,2008,8,91
2582,2008,8,89
2583,2008,8,95
2584,2008,8,84
2585,2008,8,89
2586,2008,8,90
2587,2008,9,90
2588,2008,9,82
2589,2008,9,88
2590,2008,9,87
2591,2008,9,86
2592,2008,9,81
2593,2008,9,64
2594,2008,9,80
2595,2008,10,75
2596,2008,10,61
2597,2008,10,60
2598,2008,10,63
2599,2008,10,77
2600,2008,10,60
2601,2008,10,55
2602,2008,10,66
2603,2008,11,57
2604,2008,11,59
2605,2008,11,61
2606,2008,11,66
2607,2008,11,55
2608,2008,11,63
2609,2008,12,52
2610,2008,12,43
2611,2008,12,59
2612,2008,12,60
2613,2009,1,42
2614,2009,1,57
2615,2009,1,68
2616,2009,1,53
2617,2009,1,64
2618,2009,1,43
2619,2009,1,60
2620,2009,1,66
2621,2009,1,50
2622,2009,2,62
2623,2009,2,64
2624,2009,2,37
2625,2009,2,75
2626,2009,2,69
2627,2009,2,63
2628,2009,2,57
2629,2009,2,64
2630,2009,3,36
2631,2009,3,68
2632,2009,3,57
2633,2009,3,66
2634,2009,4,64
2635,2009,4,73
2636,2009,4,82
2637,2009,4,75
2638,2009,4,91
2639,2009,4,89
2640,2009,4,84
2641,2009,4,75
2642,2009,5,82
2643,2009,5,75
2644,2009,5,87
2645,2009,5,87
2646,2009,5,84
2647,2009,6,91
2648,2009,6,91
2649,2009,6,91
2650,2009,6,86
2651,2009,6,97
2652,2009,7,91
2653,2009,7,88
2654,2009,7,91
2655,2009,7,79
2656,2009,7,93
2657,2009,8,95
2658,2009,8,91
2659,2009,8,81
2660,2009,8,90
2661,2009,8,98
2662,2009,8,91
2663,2009,8,93
2664,2009,8,90
2665,2009,8,72
2666,2009,9,82
2667,2009,9,71
2668,2012,7,93
2669,2012,7,100
2670,2012,7,98
2671,2012,7,95
2672,2012,8,90
2673,2012,8,87
2674,2012,8,89
2675,2012,8,87
2676,2012,8,89
2677,2012,8,75
2678,2012,8,81
2679,2012,8,84
2680,2012,9,91
2681,2012,9,89
2682,2012,9,89
2683,2012,9,88
2684,2012,9,80
2685,2012,9,72
2686,2012,9,75
2687,2012,10,82
2688,2012,10,84
2689,2012,10,66
2690,2012,10,73
2691,2012,10,72
2692,2012,10,78
2693,2012,10,72
2694,2012,11,64
2695,2012,11,46
2696,2012,11,59
2697,2012,11,66
2698,2012,11,57
2699,2012,12,64
2700,2012,12,75
2701,2012,12,72
2702,2012,12,62
2703,2012,12,60
2704,2013,1,51
2705,2013,1,48
2706,2013,1,46
2707,2013,1,37
2708,2013,1,41
2709,2013,1,72
2710,2013,2,48
2711,2013,2,60
2712,2013,2,51
2713,2013,2,57
2714,2013,3,48
2715,2013,3,50
2716,2013,3,55
2717,2013,3,53
2718,2013,3,66
2719,2013,3,52
2720,2013,4,71
2721,2013,4,71
2722,2013,4,71
2723,2013,4,66
2724,2013,4,71
2725,2013,4,72
2726,2013,4,66
2727,2013,5,68
2728,2013,5,80
2729,2013,5,78
2730,2013,5,84
2731,2013,5,84
2732,2013,6,87
2733,2013,6,79
2734,2013,6,87
2735,2013,6,93
2736,2013,6,87
2737,2013,6,82
2738,2013,6,82
2739,2013,6,91
2740,2013,6,87
2741,2013,7,89
2742,2013,7,89
2743,2013,7,78
2744,2013,7,90
2745,2013,7,91
2746,2013,7,96
2747,2013,7,80
2748,2013,7,90
2749,2013,8,84
2750,2013,8,87
2751,2013,8,88
2752,2013,8,89
2753,2013,8,88
2754,2013,8,80
2755,2013,8,89
2756,2013,9,88
2757,2013,9,91
2758,2013,9,84
2759,2013,9,75
2760,2013,9,75
2761,2013,9,75
2762,2013,9,73
2763,2013,10,84
2764,2013,10,86
2765,2013,10,73
2766,2013,10,64
2767,2013,10,77
2768,2013,10,70
2769,2013,10,64
2770,2013,10,69
2771,2013,11,63
2772,2013,11,71
2773,2013,11,45
2774,2013,11,57
2775,2013,11,43
2776,2013,11,50
2777,2013,12,59
2778,2013,12,66
2779,2013,12,42
2780,2013,12,48
2781,2013,12,44
2782,2013,12,52
2783,2013,12,60
2784,2013,12,48
2785,2013,12,66
2786,2013,12,46
2787,2013,12,53
2788,2013,12,63
2789,2013,12,53
2790,2014,1,61
2791,2014,1,45
2792,2014,1,57
2793,2014,1,64
2794,2014,1,52
2795,2014,2,60
2796,2014,2,55
2797,2014,3,55
2798,2014,3,66
2799,2014,3,73
2800,2014,3,79
2801,2014,3,66
2802,2014,4,82
2803,2014,4,66
2804,2014,4,68
2805,2014,4,54
2806,2014,4,53
2807,2014,4,82
2808,2014,4,79
2809,2014,4,66
2810,2014,4,77
2811,2014,5,79
2812,2014,5,82
2813,2014,5,86
2814,2014,5,82
2815,2014,5,87
2816,2014,5,73
2817,2014,6,96
2818,2014,6,97
2819,2014,6,91
2820,2014,6,84
2821,2014,7,98
2822,2014,7,88
2823,2014,7,98
2824,2014,7,81
2825,2014,7,82
2826,2014,7,90
2827,2014,7,87
2828,2014,7,88
2829,2014,8,88
2830,2014,8,86
2831,2014,8,87
2832,2014,8,86
2833,2014,9,75
2834,2014,10,84
2835,2014,10,73
2836,2014,10,75
2837,2014,10,82
2838,2014,10,75
2839,2014,10,62
2840,2014,11,75
2841,2014,11,48
2842,2014,11,66
2843,2014,11,72
2844,2014,12,57
2845,2014,12,48
2846,2014,12,60
2847,2014,12,51
2848,2014,12,62
2849,2014,12,61
2850,2014,12,55
2851,2015,1,55
2852,2015,1,55
2853,2015,1,46
2854,2015,2,57
2855,2015,2,60
2856,2015,2,62
2857,2015,2,45
2858,2015,2,29
2859,2015,2,37
2860,2015,3,43
2861,2015,3,37
2862,2015,3,75
2863,2015,3,82
2864,2009,7,93
2865,2009,8,84
2866,2009,8,99
2867,2009,8,95
2868,2009,8,91
2869,2009,9,87
2870,2009,9,91
2871,2009,9,81
2872,2009,9,82
2873,2009,9,77
2874,2008,11,64
2875,2008,11,55
2876,2008,11,55
2877,2008,12,48
2878,2008,12,54
2879,2008,12,46
2880,2008,12,57
2881,2008,12,70
2882,2008,12,57
2883,2009,1,42
2884,2009,1,60
2885,2009,1,50
2886,2009,1,57
2887,2009,1,28
2888,2009,2,46
2889,2009,2,43
2890,2009,2,54
2891,2009,2,44
2892,2009,3,61
2893,2009,3,69
2894,2009,3,82
2895,2009,3,62
2896,2009,3,46
2897,2009,3,48
2898,2009,3,60
2899,2009,3,70
2900,2009,3,69
2901,2009,4,70
2902,2009,4,78
2903,2009,4,73
2904,2009,4,61
2905,2009,4,72
2906,2009,4,63
2907,2009,4,68
2908,2009,4,80
2909,2009,4,82
2910,2009,5,82
2911,2009,5,84
2912,2009,5,86
2913,2009,5,73
2914,2009,5,88
2915,2009,6,90
2916,2009,6,75
2917,2009,6,86
2918,2009,6,84
2919,2009,6,84
2920,2009,6,73
2921,2009,6,91
2922,2009,6,90
2923,2009,6,88
2924,2009,6,89
2925,2009,6,91
2926,2009,7,91
2927,2009,7,87
2928,2009,7,90
2929,2009,7,91
2930,2009,7,82
2931,2009,7,97
2932,2009,7,91
2933,2009,8,84
2934,2009,8,88
2935,2009,8,86
2936,2017,12,61
2937,2018,1,32
2938,2018,1,46
2939,2018,1,71
2940,2018,1,54
2941,2018,2,50
2942,2018,2,73
2943,2018,3,57
2944,2018,3,52
2945,2018,3,48
2946,2018,3,71
2947,2018,3,64
2948,2018,3,53
2949,2018,3,48
2950,2018,4,81
2951,2018,4,73
2952,2018,4,80
2953,2018,4,82
2954,2018,4,64
2955,2018,4,64
2956,2018,4,68
2957,2018,4,73
2958,2018,4,78
2959,2018,5,82
2960,2018,5,82
2961,2018,5,89
2962,2018,5,84
2963,2018,5,75
2964,2018,5,87
2965,2018,5,84
2966,2018,6,93
2967,2018,6,93
2968,2018,7,95
2969,2018,7,82
2970,2018,7,96
2971,2018,7,88
2972,2018,7,88
2973,2018,7,82
2974,2018,8,90
2975,2018,9,77
2976,2018,9,82
2977,2018,9,88
2978,2018,9,81
2979,2018,10,82
2980,2018,10,86
2981,2018,10,75
2982,2018,10,62
2983,2018,10,55
2984,2018,11,73
2985,2018,11,54
2986,2018,11,63
2987,2018,12,68
2988,2018,12,43
2989,2018,12,51
2990,2018,12,53
2991,2019,1,44
2992,2019,2,57
2993,2019,2,77
2994,2019,2,43
2995,2019,2,57
2996,2019,2,42
2997,2019,3,59
2998,2019,3,55
2999,2019,3,59
3000,2019,3,71
3001,2019,4,79
3002,2019,4,79
3003,2019,4,80
3004,2018,8,77
3005,2018,8,91
3006,2018,8,93
3007,2018,8,93
3008,2018,8,90
3009,2018,8,84
3010,2018,8,91
3011,2018,8,87
3012,2018,11,61
3013,2018,11,64
3014,2018,12,54
3015,2019,1,71
3016,2019,1,31
3017,2019,2,46
3018,2019,2,62
3019,2019,3,50
3020,2019,3,50
3021,2019,3,66
3022,2019,3,75
3023,2019,3,57
3024,2019,4,69
3025,2019,4,71
3026,2007,1,72
3027,2007,1,66
3028,2007,1,64
3029,2007,1,41
3030,2007,1,57
3031,2007,1,37
3032,2007,1,39
3033,2007,2,45
3034,2007,2,50
3035,2007,2,52
3036,2007,2,64
3037,2007,2,50
3038,2007,2,55
3039,2007,2,61
3040,2007,3,68
3041,2007,3,69
3042,2007,3,55
3043,2007,3,59
3044,2007,3,66
3045,2007,3,82
3046,2007,3,73
3047,2007,3,87
3048,2007,4,86
3049,2007,4,82
3050,2007,4,64
3051,2007,4,70
3052,2007,4,77
3053,2007,4,87
3054,2007,5,57
3055,2007,5,82
3056,2007,5,82
3057,2007,5,91
3058,2007,5,91
3059,2007,6,79
3060,2007,6,75
3061,2007,6,97
3062,2007,6,93
3063,2007,7,93
3064,2007,7,95
3065,2007,7,98
3066,2007,7,81
3067,2007,7,88
3068,2007,7,84
3069,2007,7,88
3070,2007,7,90
3071,2007,7,89
3072,2007,8,93
3073,2007,8,97
3074,2007,8,102
3075,2007,8,100
3076,2007,8,97
3077,2007,8,97
3078,2007,8,105
3079,2007,8,90
3080,2007,8,91
3081,2007,9,88
3082,2007,9,93
3083,2007,9,100
3084,2007,9,91
3085,2007,9,89
3086,2007,10,82
3087,2007,10,84
3088,2007,10,78
3089,2007,10,90
3090,2007,10,84
3091,2007,10,81
3092,2007,10,82
3093,2007,10,71
3094,2007,10,64
3095,2007,11,68
3096,2007,11,57
3097,2007,11,78
3098,2007,11,77
3099,2007,11,64
3100,2007,11,57
3101,2007,12,62
3102,2007,12,52
3103,2007,12,46
3104,2007,12,50
3105,2007,12,54
3106,2008,1,72
3107,2008,1,57
3108,2008,1,46
3109,2008,1,46
3110,2008,1,37
3111,2008,1,42
3112,2008,2,71
3113,2008,2,61
3114,2008,2,57
3115,2008,2,64
3116,2008,2,43
3117,2008,2,62
3118,2008,2,48
3119,2008,3,64
3120,2008,3,66
3121,2008,3,75
3122,2008,3,66
3123,2008,3,73
3124,2008,3,45
3125,2008,3,60
3126,2008,4,77
3127,2008,4,64
3128,2008,4,82
3129,2008,4,55
3130,2008,5,80
3131,2008,5,82
3132,2008,5,79
3133,2008,5,71
3134,2008,5,80
3135,2008,5,78
3136,2008,6,84
3137,2008,6,99
3138,2008,6,100
3139,2008,6,93
3140,2008,6,88
3141,2008,7,88
3142,2008,7,95
3143,2008,7,87
3144,2008,7,90
3145,2008,7,91
3146,2008,7,95
3147,2008,8,88
3148,2008,8,88
3149,2008,8,91
3150,2008,9,73
3151,2008,9,75
3152,2008,9,75
3153,2008,10,75
3154,2008,10,82
3155,2008,10,79
3156,2008,10,70
3157,2008,10,73
3158,2008,10,60
3159,2008,11,75
3160,2008,11,77
3161,2008,11,57
3162,2011,2,72
3163,2011,3,68
3164,2011,3,69
3165,2011,3,84
3166,2011,4,73
3167,2011,4,71
3168,2011,4,77
3169,2011,5,75
3170,2011,6,89
3171,2011,6,97
3172,2011,6,84
3173,2011,7,95
3174,2011,7,102
3175,2011,7,102
3176,2011,8,97
3177,2011,8,88
3178,2011,8,88
3179,2011,9,73
3180,2011,9,84
3181,2011,10,75
3182,2011,10,73
3183,2011,10,62
3184,2011,10,63
3185,2011,11,61
3186,2011,11,64
3187,2011,11,63
3188,2011,11,66
3189,2011,12,55
3190,2011,12,64
3191,2011,12,72
3192,2011,12,66
3193,2011,12,62
3194,2012,1,55
3195,2012,1,59
3196,2012,2,48
3197,2012,2,53
3198,2009,9,72
3199,2009,9,75
3200,2009,10,77
3201,2009,10,75
3202,2009,10,70
3203,2009,10,52
3204,2009,10,78
3205,2009,10,75
3206,2009,11,70
3207,2009,11,60
3208,2009,11,60
3209,2009,11,55
3210,2009,11,73
3211,2009,11,63
3212,2009,11,57
3213,2009,11,71
3214,2009,12,68
3215,2009,12,68
3216,2009,12,51
3217,2009,12,70
3218,2009,12,59
3219,2009,12,37
3220,2009,12,55
3221,2009,12,37
3222,2010,3,51
3223,2010,3,66
3224,2010,3,64
3225,2010,3,66
3226,2010,3,69
3227,2010,8,95
3228,2010,8,90
3229,2010,8,93
3230,2010,8,97
3231,2010,8,88
3232,2010,8,93
3233,2010,8,97
3234,2010,10,79
3235,2010,10,71
3236,2010,10,62
3237,2010,11,73
3238,2010,11,70
3239,2010,11,69
3240,2010,11,54
3241,2010,12,41
3242,2010,12,37
3243,2010,12,48
3244,2010,12,39
3245,2010,12,52
3246,2011,1,37
3247,2011,1,50
3248,2011,2,68
3249,2011,2,50
3250,2010,9,89
3251,2010,9,69
3252,2010,10,78
3253,2010,10,78
3254,2010,12,41
3255,2010,12,41
3256,2010,12,37
3257,2011,1,62
3258,2011,1,69
3259,2015,3,52
3260,2015,4,66
3261,2015,4,73
3262,2015,4,82
3263,2015,4,79
3264,2015,4,73
3265,2015,5,73
3266,2015,5,84
3267,2015,5,77
3268,2015,5,88
3269,2015,5,71
3270,2015,5,82
3271,2015,5,87
3272,2015,6,90
3273,2015,6,93
3274,2015,6,100
3275,2015,6,96
3276,2015,6,91
3277,2015,7,78
3278,2015,7,89
3279,2015,7,93
3280,2015,7,88
3281,2015,7,88
3282,2015,7,93
3283,2015,7,93
3284,2015,7,93
3285,2015,7,82
3286,2015,7,86
3287,2015,7,91
3288,2015,7,91
3289,2015,8,93
3290,2015,8,75
3291,2015,8,84
3292,2015,8,84
3293,2015,8,90
3294,2015,8,87
3295,2015,8,91
3296,2015,8,82
3297,2015,8,86
3298,2015,9,91
3299,2015,9,81
3300,2015,9,87
3301,2015,9,89
3302,2015,9,78
3303,2015,9,82
3304,2015,9,87
3305,2015,9,79
3306,2015,10,82
3307,2015,10,82
3308,2015,10,72
3309,2015,10,77
3310,2015,10,57
3311,2015,10,71
3312,2015,10,63
3313,2015,10,73
3314,2015,11,64
3315,2015,11,73
3316,2015,11,55
3317,2015,11,68
3318,2015,11,73
3319,2015,11,60
3320,2015,11,46
3321,2015,11,60
3322,2015,12,75
3323,2015,12,75
3324,2015,12,73
3325,2016,1,51
3326,2016,1,61
3327,2016,2,46
3328,2016,2,57
3329,2016,2,55
3330,2016,2,52
3331,2016,2,73
3332,2016,3,64
3333,2016,3,78
3334,2016,3,78
3335,2016,3,60
3336,2016,3,78
3337,2016,3,75
3338,2016,3,66
3339,2016,3,77
3340,2016,4,62
3341,2016,4,66
3342,2016,4,72
3343,2016,4,84
3344,2016,4,88
3345,2016,4,81
3346,2016,4,87
3347,2016,4,78
3348,2016,5,61
3349,2016,5,84
3350,2016,5,81
3351,2016,5,73
3352,2016,5,82
3353,2016,5,88
3354,2016,6,88
3355,2016,6,91
3356,2016,6,81
3357,2016,6,91
3358,2016,6,90
3359,2016,6,84
3360,2016,6,88
3361,2016,7,91
3362,2016,7,93
3363,2016,7,88
3364,2016,7,91
3365,2016,7,95
3366,2016,7,93
3367,2016,7,95
3368,2016,8,88
3369,2016,8,87
3370,2016,8,93
3371,2016,8,95
3372,2016,8,87
3373,2016,8,87
3374,2016,8,98
3375,2016,9,91
3376,2016,9,84
3377,2016,9,91
3378,2016,9,73
3379,2016,10,73
3380,2016,10,78
3381,2016,10,82
3382,2016,10,78
3383,2016,11,82
3384,2016,11,66
3385,2016,11,54
3386,2016,11,69
3387,2016,11,57
3388,2016,12,54
3389,2016,12,59
3390,2016,12,52
3391,2016,12,45
3392,2016,12,46
3393,2016,12,52
3394,2016,12,41
3395,2016,12,48
3396,2016,12,46
3397,2016,12,45
3398,2016,12,66
3399,2016,12,48
3400,2017,1,50
3401,2017,1,57
3402,2017,1,75
3403,2017,1,70
3404,2017,1,59
3405,2017,2,48
3406,2017,2,75
3407,2017,2,53
3408,2017,3,73
3409,2017,3,42
3410,2017,3,82
3411,2017,3,77
3412,2017,3,79
3413,2017,4,82
3414,2017,4,70
3415,2017,4,78
3416,2017,4,73
3417,2017,4,89
3418,2017,4,82
3419,2017,4,88
3420,2017,4,89
3421,2017,4,86
3422,2017,6,82
3423,2017,6,91
3424,2017,7,93
3425,2017,7,90
3426,2017,7,100
3427,2017,7,93
3428,2017,8,88
3429,2017,8,93
3430,2017,8,91
3431,2017,8,91
3432,2017,8,78
3433,2017,8,91
3434,2017,8,91
3435,2017,8,84
3436,2017,8,87
3437,2017,9,90
3438,2017,9,77
3439,2017,9,79
3440,2017,9,84
3441,2017,9,82
3442,2017,9,82
3443,2017,9,84
3444,2017,9,91
3445,2017,9,89
3446,2017,9,87
3447,2017,9,91
3448,2017,10,82
3449,2017,10,84
3450,2017,10,86
3451,2017,10,91
3452,2017,10,90
3453,2017,10,82
3454,2017,10,73
3455,2017,10,68
3456,2017,11,78
3457,2017,11,81
3458,2017,11,45
3459,2017,11,57
3460,2017,11,54
3461,2017,11,66
3462,2017,11,64
3463,2017,11,57
3464,2017,12,63
3465,2017,12,51
3466,2017,12,64
3467,2017,12,69
3468,2017,12,48
3469,2017,12,55
3470,2009,12,46
3471,2010,1,37
3472,2010,1,64
3473,2010,1,64
3474,2010,1,46
3475,2010,2,37
3476,2010,2,42
3477,2010,2,39
3478,2010,2,46
3479,2010,2,54
3480,2010,3,44
3481,2010,3,62
3482,2010,3,62
3483,2010,3,69
3484,2010,4,80
3485,2010,4,87
3486,2010,4,81
3487,2010,4,86
3488,2010,4,64
3489,2010,4,82
3490,2010,5,89
3491,2010,5,82
3492,2010,5,91
3493,2010,5,90
3494,2010,5,84
3495,2010,5,75
3496,2010,5,77
3497,2010,5,82
3498,2010,5,84
3499,2010,5,88
3500,2010,6,93
3501,2010,6,88
3502,2010,6,93
3503,2010,6,97
3504,2010,7,96
3505,2010,7,96
3506,2010,7,88
3507,2010,7,82
3508,2010,8,86
3509,2010,8,98
3510,2010,9,95
3511,2010,9,90
3512,2010,10,73
3513,2010,10,87
3514,2010,10,78
3515,2010,11,55
3516,2010,12,48
3517,2010,12,43
3518,2010,12,46
3519,2011,1,42
3520,2011,1,39
3521,2011,2,57
3522,2011,3,77
3523,2011,3,60
3524,2011,3,84
3525,2011,4,57
3526,2011,5,80
3527,2011,5,82
3528,2011,6,97
3529,2011,6,91
3530,2011,7,91
3531,2011,8,82
3532,2011,9,88
3533,2011,9,88
3534,2011,9,82
3535,2011,10,80
3536,2011,10,75
3537,2011,10,57
3538,2011,11,66
3539,2011,11,77
3540,2011,12,48
3541,2011,12,57
3542,2011,12,52
3543,2012,1,35
3544,2012,1,55
3545,2012,1,46
3546,2012,2,48
3547,2012,2,51
3548,2012,2,70
3549,2012,2,54
3550,2012,3,61
3551,2012,3,64
3552,2012,3,84
3553,2012,3,84
3554,2012,3,70
3555,2012,3,77
3556,2012,3,81
3557,2012,3,80
3558,2012,3,62
3559,2012,4,57
3560,2012,4,63
3561,2012,4,75
3562,2012,4,63
3563,2012,5,86
3564,2012,5,91
3565,2012,5,86
3566,2012,6,96
3567,2017,12,61
3568,2017,12,61
3569,2018,1,30
3570,2018,1,70
3571,2018,2,48
3572,2018,2,59
3573,2018,2,57
3574,2018,2,55
3575,2018,2,78
3576,2018,3,42
3577,2018,3,53
3578,2018,4,75
3579,2018,4,61
3580,2018,4,62
3581,2018,4,75
3582,2018,4,64
3583,2018,4,68
3584,2018,4,75
3585,2018,5,73
3586,2018,5,77
3587,2018,5,87
3588,2018,5,91
3589,2018,5,86
3590,2018,5,86
3591,2018,5,82
3592,2018,6,88
3593,2018,6,82
3594,2018,6,84
3595,2018,6,89
3596,2018,6,91
3597,2018,6,86
3598,2018,7,95
3599,2018,7,95
3600,2018,7,87
3601,2018,7,87
3602,2018,7,90
3603,2018,7,89
3604,2018,7,91
3605,2018,7,87
3606,2018,8,89
3607,2018,8,91
3608,2018,8,91
3609,2018,8,82
3610,2018,8,91
3611,2018,9,93
3612,2018,9,91
3613,2018,9,91
3614,2018,9,88
3615,2018,9,84
3616,2018,10,90
3617,2018,10,81
3618,2018,10,70
3619,2018,10,62
3620,2018,10,69
3621,2018,11,70
3622,2018,11,64
3623,2018,11,53
3624,2018,11,51
3625,2018,11,51
3626,2018,11,59
3627,2018,11,59
3628,2018,11,68
3629,2018,12,62
3630,2018,12,46
3631,2018,12,50
3632,2018,12,48
3633,2018,12,64
3634,2018,12,50
3635,2019,1,60
3636,2019,1,66
3637,2019,1,57
3638,2019,1,39
3639,2019,2,63
3640,2019,3,57
3641,2019,3,55
3642,2019,4,73
3643,2015,12,57
3644,2015,12,73
3645,2015,12,75
3646,2016,1,54
3647,2016,1,42
3648,2016,1,45
3649,2016,2,48
3650,2016,3,75
3651,2016,5,77
3652,2016,5,79
3653,2016,5,82
3654,2016,5,81
3655,2016,5,66
3656,2016,5,68
3657,2016,5,75
3658,2016,5,84
3659,2016,6,82
3660,2016,6,88
3661,2016,6,91
3662,2016,6,84
3663,2016,6,78
3664,2016,7,95
3665,2016,7,90
3666,2016,7,96
3667,2016,8,91
3668,2016,8,88
3669,2016,8,91
3670,2016,8,91
3671,2016,8,91
3672,2016,8,97
3673,2016,8,91
3674,2016,8,89
3675,2016,8,90
3676,2016,9,81
3677,2016,9,82
3678,2016,9,89
3679,2016,9,79
3680,2016,9,75
3681,2016,10,73
3682,2016,10,79
3683,2016,10,72
3684,2016,10,78
3685,2016,10,75
3686,2016,10,78
3687,2016,10,84
3688,2016,10,71
3689,2016,11,79
3690,2016,11,64
3691,2016,11,64
3692,2016,11,69
3693,2016,11,57
3694,2016,12,46
3695,2016,12,62
3696,2016,12,55
3697,2016,12,75
3698,2016,12,53
3699,2016,12,60
3700,2016,12,60
3701,2017,1,32
3702,2017,1,31
3703,2017,1,51
3704,2017,1,62
3705,2017,1,63
3706,2017,1,55
3707,2017,1,73
3708,2017,1,51
3709,2017,1,54
3710,2017,2,68
3711,2017,2,51
3712,2017,2,82
3713,2017,2,64
3714,2017,2,77
3715,2017,2,55
3716,2017,3,79
3717,2017,3,54
3718,2017,3,75
3719,2017,3,69
3720,2017,3,50
3721,2017,3,64
3722,2017,3,79
3723,2017,4,75
3724,2017,4,78
3725,2017,4,84
3726,2017,5,77
3727,2017,5,79
3728,2017,5,71
3729,2017,5,82
3730,2017,5,61
3731,2017,5,84
3732,2017,5,87
3733,2017,5,75
3734,2017,5,71
3735,2017,5,86
3736,2017,6,84
3737,2017,6,82
3738,2017,6,73
3739,2017,6,89
3740,2017,6,93
3741,2017,6,91
3742,2017,6,84
3743,2017,6,82
3744,2017,6,87
3745,2017,7,90
3746,2017,7,91
3747,2017,7,90
3748,2017,7,93
3749,2017,8,81
3750,2017,8,88
3751,2017,8,98
3752,2017,8,93
3753,2017,8,84
3754,2017,8,82
3755,2017,9,71
3756,2017,9,82
3757,2017,10,84
3758,2017,10,64
3759,2017,10,69
3760,2017,11,70
3761,2017,11,75
3762,2017,11,46
3763,2017,11,52
3764,2017,11,57
3765,2017,11,66
3766,2017,11,61
3767,2017,11,70
3768,2017,12,43
3769,2017,12,43
3770,2017,12,43
3771,2017,12,50
3772,2018,1,30
3773,2018,1,64
3774,2018,1,68
3775,2018,2,50
3776,2018,2,64
3777,2018,2,72
3778,2018,2,61
3779,2018,3,55
3780,2018,3,42
3781,2019,1,41
3782,2019,1,46
3783,2019,1,59
3784,2019,2,48
3785,2019,2,39
3786,2019,2,63
3787,2019,2,50
3788,2019,3,46
3789,2019,3,50
3790,2019,3,44
3791,2019,3,42
3792,2019,3,73
3793,2015,3,57
3794,2015,3,75
3795,2015,3,66
3796,2015,3,73
3797,2015,4,68
3798,2015,4,75
3799,2015,4,84
3800,2015,4,80
3801,2015,4,77
3802,2015,4,68
3803,2015,5,82
3804,2015,5,81
3805,2015,5,87
3806,2015,5,87
3807,2015,5,89
3808,2015,6,82
3809,2015,6,68
3810,2015,6,78
3811,2015,6,89
3812,2015,6,88
3813,2015,6,90
3814,2015,6,99
3815,2015,6,95
3816,2015,6,95
3817,2015,6,88
3818,2015,6,88
3819,2015,7,90
3820,2015,7,91
3821,2015,7,93
3822,2015,7,93
3823,2015,8,95
3824,2015,8,89
3825,2015,8,88
3826,2015,8,84
3827,2015,8,87
3828,2015,8,86
3829,2015,8,77
3830,2015,9,91
3831,2015,9,91
3832,2015,9,77
3833,2015,9,69
3834,2015,10,60
3835,2015,10,73
3836,2015,10,78
3837,2015,10,60
3838,2015,10,70
3839,2015,10,64
3840,2015,10,73
3841,2015,11,75
3842,2015,11,64
3843,2015,11,62
3844,2015,11,52
3845,2015,12,55
3846,2015,12,60
3847,2015,12,66
3848,2016,1,52
3849,2016,1,43
3850,2016,1,46
3851,2016,1,60
3852,2016,1,52
3853,2016,2,60
3854,2016,2,39
3855,2016,2,35
3856,2016,3,66
3857,2016,4,69
3858,2016,4,63
3859,2016,4,75
3860,2016,4,84
3861,2016,6,89
3862,2016,6,88
3863,2016,7,93
3864,2016,7,90
3865,2016,7,89
3866,2016,7,95
3867,2016,7,96
3868,2016,7,95
3869,2016,7,96
3870,2012,6,81
3871,2012,6,105
3872,2012,7,102
3873,2012,7,82
3874,2012,7,91
3875,2012,7,96
3876,2012,7,98
3877,2012,7,88
3878,2012,8,91
3879,2012,8,91
3880,2012,8,90
3881,2012,8,88
3882,2012,8,82
3883,2012,8,88
3884,2012,8,91
3885,2012,9,78
3886,2012,9,79
3887,2012,9,82
3888,2012,9,81
3889,2012,9,75
3890,2012,9,82
3891,2012,9,68
3892,2012,10,86
3893,2012,10,52
3894,2012,10,72
3895,2012,10,73
3896,2012,10,79
3897,2012,10,72
3898,2012,10,68
3899,2012,10,51
3900,2012,11,61
3901,2012,11,64
3902,2012,11,73
3903,2012,11,75
3904,2012,11,73
3905,2012,11,51
3906,2012,11,55
3907,2012,11,55
3908,2012,11,61
3909,2012,11,55
3910,2012,12,55
3911,2012,12,72
3912,2012,12,64
3913,2012,12,50
3914,2012,12,57
3915,2012,12,62
3916,2012,12,50
3917,2012,12,48
3918,2013,1,48
3919,2013,1,45
3920,2013,1,55
3921,2013,1,68
3922,2013,1,64
3923,2013,1,75
3924,2013,1,69
3925,2013,1,51
3926,2013,1,43
3927,2013,1,42
3928,2013,1,36
3929,2013,1,73
3930,2013,2,60
3931,2013,2,50
3932,2013,2,54
3933,2013,3,48
3934,2013,3,66
3935,2013,3,43
3936,2013,3,46
3937,2013,3,43
3938,2013,3,52
3939,2013,3,57
3940,2013,4,60
3941,2013,4,48
3942,2013,4,78
3943,2013,4,80
3944,2013,4,73
3945,2013,4,79
3946,2013,4,61
3947,2013,5,62
3948,2013,5,72
3949,2013,5,64
3950,2013,5,70
3951,2013,5,82
3952,2013,5,73
3953,2013,5,84
3954,2013,6,82
3955,2013,6,77
3956,2013,6,84
3957,2013,6,82
3958,2013,6,91
3959,2013,7,89
3960,2013,7,88
3961,2013,7,77
3962,2013,7,90
3963,2013,7,88
3964,2013,7,87
3965,2013,8,87
3966,2013,8,91
3967,2013,8,84
3968,2013,8,91
3969,2013,8,93
3970,2013,8,75
3971,2013,8,71
3972,2013,8,73
3973,2013,8,82
3974,2013,8,82
3975,2013,8,88
3976,2013,9,82
3977,2013,9,75
3978,2013,9,75
3979,2013,10,62
3980,2013,10,59
3981,2013,10,59
3982,2013,10,75
3983,2013,11,73
3984,2013,11,57
3985,2013,11,72
3986,2013,11,59
3987,2013,11,69
3988,2013,11,71
3989,2013,11,43
3990,2013,11,66
3991,2013,11,50
3992,2013,11,48
3993,2013,12,79
3994,2013,12,54
3995,2013,12,78
3996,2013,12,52
3997,2013,12,59
3998,2014,1,62
3999,2014,1,55
4000,2014,1,37
4001,2014,1,33
4002,2014,1,27
4003,2014,1,37
4004,2014,2,64
4005,2014,2,39
4006,2014,2,42
4007,2014,2,52
4008,2014,2,43
4009,2014,2,30
4010,2014,2,73
4011,2014,2,64
4012,2014,2,53
4013,2014,2,48
4014,2014,2,45
4015,2014,3,37
4016,2014,3,70
4017,2014,3,69
4018,2014,3,45
4019,2014,3,59
4020,2014,3,62
4021,2014,4,80
4022,2014,4,86
4023,2014,4,71
4024,2014,4,60
4025,2014,4,64
4026,2014,4,73
4027,2014,4,63
4028,2014,4,64
4029,2014,5,89
4030,2014,5,89
4031,2014,5,79
4032,2014,5,71
4033,2014,6,78
4034,2014,6,82
4035,2014,6,91
4036,2014,6,91
4037,2014,6,84
4038,2014,6,95
4039,2014,6,97
4040,2014,7,97
4041,2014,7,88
4042,2014,7,86
4043,2014,7,93
4044,2014,7,91
4045,2014,7,88
4046,2014,8,73
4047,2014,8,89
4048,2014,8,86
4049,2014,8,79
4050,2014,8,82
4051,2014,8,91
4052,2014,9,91
4053,2014,9,80
4054,2014,10,84
4055,2014,10,81
4056,2014,10,64
4057,2014,10,70
4058,2014,10,78
4059,2014,11,53
4060,2014,11,64
4061,2014,11,59
4062,2014,11,43
4063,2014,11,59
4064,2014,11,64
4065,2014,11,66
4066,2014,12,55
4067,2014,12,50
4068,2014,12,46
4069,2014,12,46
4070,2015,1,54
4071,2015,1,69
4072,2015,1,48
4073,2015,1,48
4074,2015,1,44
4075,2015,1,66
4076,2015,1,41
4077,2015,1,55
4078,2015,1,48
4079,2015,2,42
4080,2015,2,30
4081,2015,2,46
4082,2015,3,35
4083,2015,3,57
4084,2015,3,66
4085,2015,3,73
4086,2007,1,66
4087,2007,1,48
4088,2007,1,50
4089,2007,1,48
4090,2007,1,48
4091,2007,2,45
4092,2007,2,39
4093,2007,2,50
4094,2007,2,53
4095,2007,2,39
4096,2007,2,39
4097,2007,2,73
4098,2007,3,55
4099,2007,3,80
4100,2007,3,66
4101,2007,3,86
4102,2007,4,55
4103,2007,4,84
4104,2007,4,87
4105,2007,5,91
4106,2007,5,66
4107,2007,5,73
4108,2007,5,75
4109,2007,5,82
4110,2007,5,73
4111,2007,5,82
4112,2007,5,88
4113,2007,5,91
4114,2007,6,84
4115,2007,6,91
4116,2007,6,87
4117,2007,6,82
4118,2007,6,89
4119,2007,6,96
4120,2007,6,82
4121,2007,6,84
4122,2007,6,91
4123,2007,7,95
4124,2007,7,95
4125,2007,7,96
4126,2007,7,91
4127,2007,7,93
4128,2007,8,91
4129,2007,8,91
4130,2007,8,96
4131,2007,8,98
4132,2007,8,104
4133,2007,8,98
4134,2007,8,95
4135,2007,9,91
4136,2007,9,82
4137,2007,9,75
4138,2007,9,91
4139,2007,10,82
4140,2007,10,87
4141,2007,10,88
4142,2007,10,69
4143,2007,10,70
4144,2007,10,75
4145,2007,11,62
4146,2007,11,66
4147,2007,11,63
4148,2007,11,54
4149,2007,11,57
4150,2007,11,66
4151,2007,11,70
4152,2007,11,57
4153,2007,12,71
4154,2007,12,79
4155,2007,12,53
4156,2007,12,53
4157,2007,12,64
4158,2008,1,35
4159,2008,1,69
4160,2008,1,55
4161,2008,1,44
4162,2008,1,39
4163,2008,1,46
4164,2008,1,48
4165,2008,1,52
4166,2008,1,55
4167,2008,2,61
4168,2008,2,75
4169,2008,2,59
4170,2008,2,66
4171,2008,2,64
4172,2008,2,50
4173,2008,2,61
4174,2008,2,55
4175,2008,3,59
4176,2008,3,52
4177,2008,3,64
4178,2008,3,75
4179,2008,3,63
4180,2008,3,66
4181,2008,3,77
4182,2008,4,73
4183,2008,4,64
4184,2008,4,71
4185,2008,4,75
4186,2008,4,61
4187,2008,4,86
4188,2008,4,73
4189,2008,4,79
4190,2008,4,71
4191,2008,5,78
4192,2008,5,81
4193,2008,5,82
4194,2008,5,79
4195,2008,5,75
4196,2008,6,93
4197,2008,6,93
4198,2008,6,90
4199,2008,6,91
4200,2008,6,89
4201,2008,6,95
4202,2008,7,87
4203,2008,7,87
4204,2008,7,88
4205,2008,7,86
4206,2008,7,93
4207,2008,8,93
4208,2008,8,95
4209,2008,8,96
4210,2008,8,96
4211,2008,8,89
4212,2008,8,86
4213,2008,8,91
4214,2008,8,86
4215,2008,8,88
4216,2008,8,81
4217,2008,8,91
4218,2008,9,86
4219,2008,9,89
4220,2008,9,90
4221,2008,9,91
4222,2008,9,80
4223,2008,9,75
4224,2008,9,82
4225,2008,9,81
4226,2008,10,70
4227,2008,10,79
4228,2008,10,71
4229,2008,10,73
4230,2008,10,62
4231,2008,10,60
4232,2008,11,77
4233,2008,11,66
4234,2008,11,57
4235,2008,11,44
4236,2008,11,54
4237,2008,11,54
4238,2008,11,68
4239,2008,11,50
4240,2008,12,52
4241,2008,12,48
4242,2008,12,69
4243,2008,12,57
4244,2008,12,61
4245,2008,12,60
4246,2008,12,66
4247,2008,12,66
4248,2008,12,73
4249,2009,1,55
4250,2009,1,48
4251,2009,1,44
4252,2009,1,41
4253,2009,1,35
4254,2009,1,48
4255,2009,1,57
4256,2009,2,34
4257,2009,2,71
4258,2009,2,68
4259,2009,2,50
4260,2009,2,55
4261,2009,3,84
4262,2009,3,51
4263,2009,3,75
4264,2009,3,66
4265,2009,3,57
4266,2009,4,71
4267,2009,4,64
4268,2009,4,89
4269,2009,5,87
4270,2009,5,84
4271,2009,5,80
4272,2009,5,79
4273,2009,5,82
4274,2009,5,86
4275,2009,6,80
4276,2009,6,93
4277,2009,6,91
4278,2009,6,95
4279,2009,6,91
4280,2009,7,82
4281,2009,7,91
4282,2009,7,91
4283,2009,7,86
4284,2009,7,88
4285,2009,7,96
4286,2009,7,95
4287,2009,8,91
4288,2009,8,99
4289,2009,8,96
4290,2009,9,79
4291,2009,9,79
4292,2009,9,89
4293,2009,9,87
4294,2009,9,79
4295,2009,9,78
4296,2009,9,86
4297,2009,10,60
4298,2009,10,60
4299,2010,1,45
4300,2010,1,46
4301,2010,1,63
4302,2010,1,68
4303,2010,1,41
4304,2010,2,37
4305,2010,2,53
4306,2010,3,75
4307,2010,4,68
4308,2010,5,78
4309,2010,5,68
4310,2010,5,78
4311,2010,6,91
4312,2010,6,97
4313,2010,6,99
4314,2010,7,81
4315,2010,7,97
4316,2010,7,97
4317,2010,8,91
4318,2010,8,97
4319,2010,8,91
4320,2010,9,89
4321,2010,11,53
4322,2010,11,66
4323,2010,11,70
4324,2010,11,69
4325,2010,11,73
4326,2010,11,61
4327,2010,11,72
4328,2010,12,37
4329,2010,12,42
4330,2010,12,33
4331,2010,12,46
4332,2011,1,45
4333,2011,1,46
4334,2011,1,34
4335,2011,1,51
4336,2011,1,46
4337,2011,2,44
4338,2011,2,37
4339,2011,2,46
4340,2011,2,71
4341,2011,3,55
4342,2011,3,57
4343,2011,3,62
4344,2011,7,99
4345,2011,7,91
4346,2011,7,93
4347,2011,7,93
4348,2011,7,93
4349,2011,8,98
4350,2011,8,93
4351,2011,8,89
4352,2011,8,87
4353,2011,8,89
4354,2011,8,89
4355,2011,10,68
4356,2011,10,66
4357,2011,10,55
4358,2011,11,55
4359,2011,11,70
4360,2011,11,79
4361,2011,11,62
4362,2011,11,64
4363,2011,11,70
4364,2011,12,64
4365,2011,12,46
4366,2011,12,60
4367,2011,12,68
4368,2011,12,64
4369,2011,12,68
4370,2011,12,54
4371,2011,12,53
4372,2012,1,55
4373,2012,1,48
4374,2012,1,37
4375,2012,1,53
4376,2012,1,69
4377,2012,2,69
4378,2012,2,55
4379,2012,3,73
4380,2012,3,77
4381,2012,3,82
4382,2012,3,75
4383,2012,4,63
4384,2012,4,80
4385,2012,4,62
4386,2012,6,82
4387,2012,6,73
4388,2012,6,84
4389,2012,6,89
4390,2012,6,84
4391,2012,6,79
4392,2012,6,93
4393,2009,10,82
4394,2009,10,82
4395,2009,10,77
4396,2009,11,75
4397,2009,11,48
4398,2009,11,55
4399,2009,12,55
4400,2010,1,32
4401,2010,2,50
4402,2010,2,42
4403,2010,3,51
4404,2010,3,55
4405,2010,3,63
4406,2010,3,73
4407,2010,3,57
4408,2010,4,66
4409,2010,4,79
4410,2010,4,68
4411,2010,5,80
4412,2010,6,91
4413,2010,7,100
4414,2010,7,99
4415,2010,7,87
4416,2010,7,91
4417,2010,9,91
4418,2010,9,93
4419,2010,10,68
4420,2010,10,87
4421,2010,10,79
4422,2010,10,73
4423,2010,10,81
4424,2010,10,82
4425,2010,10,75
4426,2010,11,54
4427,2011,1,32
4428,2011,1,46
4429,2011,2,64
4430,2011,3,57
4431,2011,3,54
4432,2011,3,61
4433,2011,3,50
4434,2011,4,57
4435,2011,4,84
4436,2011,4,75
4437,2011,4,75
4438,2011,4,80
4439,2011,5,71
4440,2011,5,89
4441,2011,6,95
4442,2011,6,93
4443,2011,6,82
4444,2011,6,91
4445,2011,6,95
4446,2011,6,96
4447,2011,6,91
4448,2011,6,99
4449,2011,7,97
4450,2011,8,89
4451,2011,8,91
4452,2011,8,91
4453,2011,8,90
4454,2011,8,82
4455,2011,9,87
4456,2011,9,87
4457,2011,9,89
4458,2011,10,64
4459,2011,10,73
4460,2011,10,77
4461,2011,10,66
4462,2011,10,77
4463,2011,10,54
4464,2012,2,52
4465,2012,2,54
4466,2012,2,48
4467,2012,2,48
4468,2012,2,71
4469,2012,3,70
4470,2012,4,51
4471,2012,4,68
4472,2012,5,73
4473,2012,5,77
4474,2012,5,86
4475,2012,5,90
4476,2012,5,82
4477,2012,6,81
4478,2009,11,66
4479,2009,11,57
4480,2009,12,42
4481,2009,12,53
4482,2009,12,46
4483,2010,1,63
4484,2010,1,28
4485,2010,3,68
4486,2010,3,66
4487,2010,3,66
4488,2010,4,75
4489,2010,6,91
4490,2010,6,96
4491,2010,7,82
4492,2010,7,100
